code,ts,price,open,high,low,volume
2464,2026-09-04 13:59:42,211,223.5,224,203,51380125
2606,2026-09-04 13:59:42,78.19999694824219,79,79.9000015258789,76.0999984741211,6190209
4971,2026-09-04 13:59:42,624,639,644,589,4420111
2905,2026-09-04 13:59:42,18.149999618530273,18.25,18.350000381469727,17.950000762939453,1458828
6532,2026-09-04 13:59:42,98,102.5,103,98,804598
6533,2026-09-04 13:59:42,264,270,271,262,684678
2889,2026-09-04 13:59:42,16.600000381469727,16.549999237060547,16.75,16.350000381469727,18808684
0050,2026-09-04 13:59:42,107.9000015258789,107.69999694824219,108,106.8499984741211,42641999
6505,2026-09-04 13:59:42,78.0999984741211,76.5999984741211,78.19999694824219,75.4000015258789,13729062
6442,2026-09-04 13:59:42,1755,1860,1875,1655,3671354
4510,2026-09-04 13:59:42,47.54999923706055,47.79999923706055,48.45000076293945,47.04999923706055,5662341
3491,2026-09-04 13:59:42,1505,1465,1520,1425,1889834
2537,2026-09-04 13:59:42,11.649999618530273,11.649999618530273,11.800000190734863,11.550000190734863,651926
1710,2026-09-04 13:59:42,15.949999809265137,16.299999237060547,16.299999237060547,15.550000190734863,7986566
5434,2026-09-04 13:59:42,538,543,547,528,580386
2034,2026-09-04 13:59:42,21.100000381469727,20.700000762939453,21.100000381469727,20.5,2954110
2201,2026-09-04 13:59:42,31.100000381469727,31.149999618530273,31.25,30.850000381469727,5198778
6224,2026-09-04 13:59:42,84.80000305175781,83,87.4000015258789,81.19999694824219,3228514
2301,2026-09-04 13:59:42,308,308,316,302,23614399
3504,2026-09-04 13:59:42,89.69999694824219,88.4000015258789,90.30000305175781,85.5,3025197
5443,2026-09-04 13:59:42,112.5,112,114.5,109,1993458
2851,2026-09-04 13:59:42,46.650001525878906,47.45000076293945,47.849998474121094,46.29999923706055,2474896
6531,2026-09-04 13:59:42,911,942,949,901,2461298
1909,2026-09-04 13:59:42,11,11.100000381469727,11.199999809265137,10.850000381469727,2640771
6218,2026-09-04 13:59:42,42.25,43.25,43.75,41.5,1230918
6907,2026-09-04 13:59:42,181.5,182,183.5,176.5,664611
3362,2026-09-04 13:59:42,210,202.5,210,196,1255551
6885,2026-09-04 13:59:42,24.100000381469727,23.25,24.399999618530273,23.25,519921
4979,2026-09-04 13:59:42,629,615,629,590,17684893
4976,2026-09-04 13:59:42,38.29999923706055,38.04999923706055,38.75,37.5,2594494
1440,2026-09-04 13:59:42,13.899999618530273,14.300000190734863,14.300000190734863,13.5,5083182
2882,2026-09-04 13:59:42,115,113,115,112.5,15028205
3006,2026-09-04 13:59:42,278.5,285,289,263.5,22331103
3704,2026-09-04 13:59:42,40.099998474121094,41.150001525878906,41.150001525878906,39.5,2500243
6188,2026-09-04 13:59:42,66.5999984741211,66.19999694824219,66.9000015258789,65.69999694824219,310876
2365,2026-09-04 13:59:42,29.149999618530273,29.5,29.5,28.850000381469727,671089
6163,2026-09-04 13:59:42,41.20000076293945,41.29999923706055,41.54999923706055,40.650001525878906,305397
5388,2026-09-04 13:59:42,75.5999984741211,75.0999984741211,75.80000305175781,74.4000015258789,2354089
8076,2026-09-04 13:59:42,22.149999618530273,22.049999237060547,22.200000762939453,21.950000762939453,1053868
6541,2026-09-04 13:59:42,31.700000762939453,31.399999618530273,31.899999618530273,30.799999237060547,408414
2495,2026-09-04 13:59:42,37.45000076293945,37,38.45000076293945,36.04999923706055,1183371
3290,2026-09-04 13:59:42,45.5,47.20000076293945,47.29999923706055,45.099998474121094,1104760
2425,2026-09-04 13:59:42,37.900001525878906,36.5,38,36.349998474121094,903945
5328,2026-09-04 13:59:42,61,60.70000076293945,63,60.29999923706055,5582236
4916,2026-09-04 13:59:42,97.30000305175781,98.69999694824219,99.30000305175781,95.5999984741211,915508
8069,2026-09-04 13:59:42,148.5,151,151.5,148.5,4518869
8936,2026-09-04 13:59:42,50.29999923706055,50.400001525878906,50.599998474121094,50.29999923706055,818138
6535,2026-09-04 13:59:42,79.69999694824219,75.5,79.80000305175781,73.80000305175781,348691
3149,2026-09-04 13:59:42,60.599998474121094,60,60.900001525878906,58.400001525878906,5756503
4564,2026-09-04 13:59:42,16.450000762939453,16.200000762939453,16.450000762939453,15.899999618530273,1078439
8182,2026-09-04 13:59:42,38.849998474121094,38.400001525878906,39.20000076293945,38.150001525878906,242236
2337,2026-09-04 13:59:42,121.5,120.5,123,116.5,26343180
2405,2026-09-04 13:59:42,15.100000381469727,15.100000381469727,15.25,15,854591
6223,2026-09-04 13:59:42,5155,5175,5280,5090,503898
3048,2026-09-04 13:59:42,53.400001525878906,53.400001525878906,53.79999923706055,52.70000076293945,988174
2406,2026-09-04 13:59:42,27.25,27.399999618530273,27.399999618530273,26.75,2852624
3088,2026-09-04 13:59:42,127,123.5,128.5,123,1430931
3227,2026-09-04 13:59:42,192,194,194,189.5,410015
9925,2026-09-04 13:59:42,39.54999923706055,39.70000076293945,39.75,39.400001525878906,1212251
2105,2026-09-04 13:59:42,30.950000762939453,30.799999237060547,30.950000762939453,30.649999618530273,1755639
2439,2026-09-04 13:59:42,77.9000015258789,77.9000015258789,78.30000305175781,77.19999694824219,953908
6415,2026-09-04 13:59:42,428.5,421,429,418.5,2104767
8110,2026-09-04 13:59:42,43.54999923706055,44.400001525878906,44.54999923706055,42.900001525878906,2074666
2329,2026-09-04 13:59:42,42.900001525878906,42.45000076293945,43.04999923706055,42.349998474121094,1313695
1227,2026-09-04 13:59:42,28.549999237060547,28.649999618530273,28.649999618530273,28.450000762939453,399646
8383,2026-09-04 13:59:42,65.19999694824219,65,66,64,772714
2483,2026-09-04 13:59:42,33.349998474121094,33.900001525878906,34.400001525878906,32.849998474121094,842509
3060,2026-09-04 13:59:42,26.5,26.299999237060547,26.600000381469727,25.850000381469727,652505
6719,2026-09-04 13:59:42,191,191,191.5,187.5,417322
4973,2026-09-04 13:59:42,149.5,150,150,145.5,685999
2458,2026-09-04 13:59:42,133,133,134,131.5,1319129
2457,2026-09-04 13:59:42,22.75,22.799999237060547,22.850000381469727,22.450000762939453,785507
3703,2026-09-04 13:59:42,20,20,20.149999618530273,19.799999237060547,1037050
2404,2026-09-04 13:59:42,1070,1040,1085,1010,1667498
6139,2026-09-04 13:59:42,736,722,745,703,2215691
7610,2026-09-04 13:59:42,1820,1820,1820,1820,257499
6443,2026-09-04 13:59:42,24.950000762939453,24.700000762939453,25,24.350000381469727,2844070
2520,2026-09-04 13:59:42,37.099998474121094,37.099998474121094,37.54999923706055,36.45000076293945,3431658
2033,2026-09-04 13:59:42,26.049999237060547,25.149999618530273,26.649999618530273,24.450000762939453,1562574
6426,2026-09-04 13:59:42,269.5,270,274,251,2950756
2816,2026-09-04 13:59:42,40,39.95000076293945,40.25,39.599998474121094,583900
2890,2026-09-04 13:59:42,42.849998474121094,42.650001525878906,43.099998474121094,42.349998474121094,14911609
3094,2026-09-04 13:59:42,46.5,43.20000076293945,46.5,43.150001525878906,17127933
8099,2026-09-04 13:59:42,61.20000076293945,61,61.599998474121094,60.099998474121094,669600
3059,2026-09-04 13:59:42,39.29999923706055,38.900001525878906,39.29999923706055,38.29999923706055,1208098
3596,2026-09-04 13:59:42,159.5,158.5,160.5,157,661181
2331,2026-09-04 13:59:42,19.600000381469727,19.549999237060547,19.75,19.350000381469727,1348183
2401,2026-09-04 13:59:42,25.700000762939453,25.299999237060547,25.700000762939453,25,1988035
4915,2026-09-04 13:59:42,60.79999923706055,60.099998474121094,61,59.900001525878906,1980679
3051,2026-09-04 13:59:42,21.850000381469727,22,22,21.649999618530273,473210
3028,2026-09-04 13:59:42,64.0999984741211,64.5999984741211,64.9000015258789,63.29999923706055,452693
3694,2026-09-04 13:59:42,50.400001525878906,51,51,49.849998474121094,532205
2645,2026-09-04 13:59:42,173.5,173.5,175,170.5,853051
6166,2026-09-04 13:59:42,121.5,116,122.5,116,2701023
3592,2026-09-04 13:59:42,224,224,224,221.5,159787
8016,2026-09-04 13:59:42,293.5,295,295,289.5,219303
1477,2026-09-04 13:59:42,196.5,195.5,196.5,193.5,904676
5536,2026-09-04 13:59:42,853,832,855,822,488397
2369,2026-09-04 13:59:42,31.049999237060547,31.100000381469727,31.200000762939453,30.399999618530273,2586494
4722,2026-09-04 13:59:42,200.5,201.5,202,194.5,374020
6175,2026-09-04 13:59:42,71.80000305175781,70,72.9000015258789,69.9000015258789,1158698
6282,2026-09-04 13:59:42,44,43.79999923706055,44.29999923706055,43.04999923706055,4104154
3707,2026-09-04 13:59:42,62,62,62.400001525878906,60.099998474121094,2307745
8261,2026-09-04 13:59:42,180.5,178.5,185.5,174.5,3204002
3413,2026-09-04 13:59:42,282.5,282,284.5,279,478367
5347,2026-09-04 13:59:42,150,150,151,148.5,4308911
2347,2026-09-04 13:59:42,88,87.19999694824219,88.4000015258789,86.69999694824219,5274175
3033,2026-09-04 13:59:42,43.95000076293945,44.54999923706055,44.650001525878906,43.54999923706055,3163903
3209,2026-09-04 13:59:42,46.599998474121094,47.5,47.599998474121094,46.099998474121094,1061945
2101,2026-09-04 13:59:42,31.350000381469727,31.649999618530273,31.649999618530273,31.299999237060547,574889
3293,2026-09-04 13:59:42,709,710,710,703,818317
3014,2026-09-04 13:59:42,131.5,132,132,129,1153288
9938,2026-09-04 13:59:42,41.150001525878906,41.400001525878906,41.400001525878906,41,708262
1218,2026-09-04 13:59:42,14.449999809265137,14.449999809265137,14.5,14.350000381469727,730229
1307,2026-09-04 13:59:42,30.450000762939453,30.399999618530273,30.5,30.299999237060547,646231
1476,2026-09-04 13:59:42,313,314.5,316,312,800112
6214,2026-09-04 13:59:42,185.5,183.5,186,183.5,1551020
9910,2026-09-04 13:59:42,68.9000015258789,67.69999694824219,69,67.69999694824219,685923
3317,2026-09-04 13:59:42,62.599998474121094,62,62.900001525878906,61.20000076293945,406720
7730,2026-09-04 13:59:42,186.5,190,193,175.5,218054
7703,2026-09-04 13:59:42,187.5,187.5,190,184,132738
4306,2026-09-04 13:59:42,15.25,15.350000381469727,15.350000381469727,15.050000190734863,877518
8367,2026-09-04 13:59:42,41,41.150001525878906,41.150001525878906,41,6059
4924,2026-09-04 13:59:42,11.949999809265137,11.199999809265137,11.949999809265137,10.899999618530273,395320
6906,2026-09-04 13:59:42,84.30000305175781,80.4000015258789,85.4000015258789,79.5,412504
6219,2026-09-04 13:59:42,12.600000381469727,12.699999809265137,13,12.550000190734863,247548
2481,2026-09-04 13:59:42,156,161,161.5,146,64169002
6890,2026-09-04 13:59:42,169.5,183.5,184,169.5,413643
5531,2026-09-04 13:59:42,7.340000152587891,7.420000076293945,7.420000076293945,7.340000152587891,743099
2618,2026-09-04 13:59:42,42.5,42.75,42.75,42.099998474121094,8105893
2908,2026-09-04 13:59:42,22.25,22,22.25,22,212496
4126,2026-09-04 13:59:42,78,78,78,77.5,24578
6122,2026-09-04 13:59:42,51.29999923706055,52.400001525878906,52.5,51.20000076293945,706756
8906,2026-09-04 13:59:42,29.100000381469727,29.350000381469727,29.350000381469727,28.950000762939453,4458
3021,2026-09-04 13:59:42,24.299999237060547,24.299999237060547,24.299999237060547,24.299999237060547,207641
2617,2026-09-04 13:59:42,32.45000076293945,32.79999923706055,32.95000076293945,32,2146840
6177,2026-09-04 13:59:42,49.20000076293945,49.349998474121094,50.29999923706055,48.900001525878906,2916413
3030,2026-09-04 13:59:42,284,299.5,300.5,278.5,2483444
7782,2026-09-04 08:59:28,26.549999237060547,27.25,27.25,26.350000381469727,13029
6875,2026-09-04 13:59:42,33.099998474121094,33.900001525878906,33.900001525878906,32.29999923706055,171398
6147,2026-09-04 13:59:42,182.5,198,202.5,181,57082524
6277,2026-09-04 13:59:42,80.30000305175781,79.30000305175781,81.9000015258789,79.30000305175781,213683
5512,2026-09-04 13:59:42,7.769999980926514,7.800000190734863,7.800000190734863,7.739999771118164,427903
3467,2026-09-04 13:59:42,51.099998474121094,52.79999923706055,52.79999923706055,50.900001525878906,108535
5529,2026-09-04 13:59:42,24.399999618530273,24.200000762939453,25.850000381469727,24.200000762939453,207264
5607,2026-09-04 13:59:42,56.79999923706055,57.400001525878906,58.400001525878906,56.5,1565072
2059,2026-09-04 13:59:42,13860,13890,14050,13150,424075
3081,2026-09-04 13:59:42,3170,3245,3315,2980,5225914
3234,2026-09-04 13:59:42,206,203,209,190,5190304
3498,2026-09-04 13:59:42,194,197.5,201,185.5,2871413
2221,2026-09-04 13:59:42,90.80000305175781,95.69999694824219,98.5,90.30000305175781,11665415
6141,2026-09-04 13:59:42,52.5,54,54,50.599998474121094,2184510
6187,2026-09-04 13:59:42,1305,1345,1360,1280,1821942
3443,2026-09-04 13:59:42,5810,5945,6000,5680,1464595
2455,2026-09-04 13:59:42,528,548,548,492.5,21748009
2454,2026-09-04 13:59:42,4415,4435,4490,4340,7573323
6727,2026-09-04 13:59:42,541,560,569,526,1854295
6830,2026-09-04 13:59:42,597,610,625,574,2651163
5274,2026-09-04 13:59:42,17470,18490,18490,17410,210566
3017,2026-09-04 13:59:42,3570,3465,3570,3410,4087039
7788,2026-09-04 13:59:42,335,319,339.5,315,4311179
6716,2026-09-04 13:59:42,117,129,131.5,117,2175963
3455,2026-09-04 13:59:42,236.5,248,249,231.5,1724563
8271,2026-09-04 13:59:42,217,220,222,213,1741411
3141,2026-09-04 13:59:42,102.5,106,110,101,13002273
2887,2026-09-04 13:59:42,41.5,41.599998474121094,42,41.25,39993142
4967,2026-09-04 13:59:42,276,275.5,277,270.5,2195034
2883,2026-09-04 13:59:42,36.70000076293945,36.400001525878906,36.70000076293945,35.95000076293945,37381529
2395,2026-09-04 13:59:42,711,688,727,685,4577956
3693,2026-09-04 13:59:42,663,669,678,644,1876929
1326,2026-09-04 13:59:42,69.80000305175781,70,70.80000305175781,67.4000015258789,35583888
