stock_code,trade_date,foreign_net,foreign_dealer_net,trust_net,dealer_net,total_net
00403A,2026-08-27,69394197,0,0,117541029,186935226
00685L,2026-08-27,3179000,0,0,99051067,102230067
00631L,2026-08-27,9356029,0,0,78156694,87512723
00981A,2026-08-27,30328991,0,0,18264361,48593352
00407A,2026-08-27,5485352,0,0,28259246,33744598
2408,2026-08-27,30133530,0,711475,2225601,33070606
00405A,2026-08-27,-1525699,0,0,32556869,31031170
2344,2026-08-27,30131889,0,-295194,711237,30547932
0056,2026-08-27,6291712,0,0,20953876,27245588
00991A,2026-08-27,10512467,0,0,14742200,25254667
0050,2026-08-27,7029157,0,610000,14315407,21954564
1301,2026-08-27,21638583,0,0,225071,21863654
00992A,2026-08-27,13820100,0,0,7758461,21578561
009816,2026-08-27,2171644,0,0,18945560,21117204
2889,2026-08-27,19029494,0,0,-15000,19014494
2317,2026-08-27,18248973,0,-117203,476360,18608130
1314,2026-08-27,14070653,0,0,752096,14822749
2634,2026-08-27,11938599,0,-15000,2661594,14585193
00400A,2026-08-27,13974500,0,0,308709,14283209
1717,2026-08-27,11851510,0,1000,1281089,13133599
2371,2026-08-27,12343831,0,0,678262,13022093
2801,2026-08-27,13000441,0,-371000,96768,12726209
1326,2026-08-27,11401247,0,0,763225,12164472
2892,2026-08-27,11490477,0,-44732,26461,11472206
6116,2026-08-27,10679972,0,0,12023,10691995
2354,2026-08-27,9540587,0,-7000,958992,10492579
1504,2026-08-27,8977437,0,12000,289224,9278661
00940,2026-08-27,-190000,0,0,8926514,8736514
00988A,2026-08-27,6285600,0,0,2245000,8530600
2313,2026-08-27,7049398,0,30000,967239,8046637
2337,2026-08-27,7632375,0,-162000,261309,7731684
2609,2026-08-27,7193616,0,-16223,509551,7686944
00922,2026-08-27,-129000,0,0,7627020,7498020
6505,2026-08-27,6864076,0,-421,378819,7242474
00929,2026-08-27,6133016,0,0,1101926,7234942
6269,2026-08-27,6524878,0,0,690545,7215423
1605,2026-08-27,6838422,0,3867,-178245,6664044
00982A,2026-08-27,8675000,0,0,-2074443,6600557
2886,2026-08-27,7301735,0,-32598,-730660,6538477
5880,2026-08-27,5932342,0,-2938,50000,5979404
00900,2026-08-27,774000,0,2500000,2703879,5977879
2890,2026-08-27,6435398,0,-138289,-916642,5380467
1303,2026-08-27,146862,0,4555192,563451,5265505
2421,2026-08-27,5005486,0,1000,85300,5091786
00680L,2026-08-27,-1000,0,0,4907993,4906993
3189,2026-08-27,3819059,0,392000,556723,4767782
0052,2026-08-27,3316934,0,50000,1365755,4732689
3376,2026-08-27,3868657,0,0,746594,4615251
00999A,2026-08-27,-1292000,0,0,5883343,4591343
2351,2026-08-27,3997197,0,322000,235842,4555039
2330,2026-08-27,4500595,0,-265464,157501,4392632
00990A,2026-08-27,2085100,0,0,2275473,4360573
9907,2026-08-27,4299380,0,-16000,38000,4321380
2382,2026-08-27,3500349,0,-25308,826155,4301196
2887,2026-08-27,3099430,0,1813611,-624937,4288104
1608,2026-08-27,4034961,0,-9000,180983,4206944
2426,2026-08-27,4310616,0,0,-191932,4118684
009821,2026-08-27,1167000,0,0,2659247,3826247
2897,2026-08-27,3956000,0,0,-214000,3742000
1409,2026-08-27,3427608,0,2000,182453,3612061
1513,2026-08-27,3340186,0,-102000,346086,3584272
6168,2026-08-27,3418873,0,0,819,3419692
4958,2026-08-27,3189753,0,-578992,699040,3309801
2603,2026-08-27,8084773,0,-5314799,482463,3252437
2464,2026-08-27,2683337,0,0,391319,3074656
2392,2026-08-27,2902844,0,1000,148533,3052377
3714,2026-08-27,2860943,0,0,183278,3044221
2885,2026-08-27,3443461,0,-27176,-383330,3032955
00960,2026-08-27,56050,0,0,2891315,2947365
00984A,2026-08-27,1522000,0,0,1418135,2940135
3042,2026-08-27,2786480,0,-1000,18445,2803925
00993A,2026-08-27,1709000,0,0,885090,2594090
2606,2026-08-27,2478602,0,-2000,44700,2521302
9105,2026-08-27,2483000,0,0,-46566,2436434
00881,2026-08-27,2079075,0,0,351212,2430287
00997A,2026-08-27,-742000,0,0,3044724,2302724
2812,2026-08-27,2329000,0,-6000,-26000,2297000
1313,2026-08-27,2217505,0,0,26399,2243904
00996A,2026-08-27,135000,0,0,2105458,2240458
00885,2026-08-27,1225000,0,0,810940,2035940
1216,2026-08-27,2443783,0,-64813,-363297,2015673
2883,2026-08-27,9279077,0,-6276151,-1004763,1998163
2845,2026-08-27,1874536,0,-3000,60000,1931536
3045,2026-08-27,2231616,0,-48466,-292396,1890754
00663L,2026-08-27,295000,0,0,1578390,1873390
1718,2026-08-27,1905646,0,-20000,-51307,1834339
2455,2026-08-27,747926,0,-24000,1066220,1790146
1710,2026-08-27,1754986,0,0,27595,1782581
2637,2026-08-27,1689112,0,-6000,79605,1762717
1434,2026-08-27,1736566,0,1000,20883,1758449
8103,2026-08-27,1847246,0,0,-90671,1756575
00980A,2026-08-27,81390,0,0,1662552,1743942
00688L,2026-08-27,-214000,0,0,1947997,1733997
8039,2026-08-27,1613976,0,107000,9536,1730512
2328,2026-08-27,1582320,0,0,110176,1692496
00995A,2026-08-27,1259000,0,0,337833,1596833
6226,2026-08-27,1610663,0,-2000,-14381,1594282
3706,2026-08-27,1486350,0,-1000,51185,1536535
4540,2026-08-27,1509292,0,0,891,1510183
8271,2026-08-27,1415853,0,0,73252,1489105
2515,2026-08-27,1363075,0,0,52000,1415075
6443,2026-08-27,1245090,0,0,72000,1317090
6456,2026-08-27,1150706,0,0,158423,1309129
009820,2026-08-27,128100,0,0,1121315,1249415
2491,2026-08-27,1231000,0,-1000,-3967,1226033
6005,2026-08-27,1226728,0,-8000,0,1218728
1310,2026-08-27,1196780,0,0,9875,1206655
1102,2026-08-27,1585686,0,-6417,-372933,1206336
3006,2026-08-27,940186,0,-20000,253485,1173671
3406,2026-08-27,1172909,0,-22000,11692,1162601
2855,2026-08-27,1205100,0,-49200,0,1155900
2355,2026-08-27,973708,0,0,151233,1124941
2208,2026-08-27,1095885,0,0,5000,1100885
8033,2026-08-27,1050436,0,-3000,46279,1093715
00994A,2026-08-27,-159000,0,0,1243988,1084988
2385,2026-08-27,1122651,0,-27179,-22252,1073220
6477,2026-08-27,1049854,0,0,-131,1049723
1503,2026-08-27,809274,0,1000,230822,1041096
3019,2026-08-27,944548,0,0,77486,1022034
8110,2026-08-27,1011609,0,0,9371,1020980
00946,2026-08-27,-5000,0,0,1017842,1012842
00735,2026-08-27,88010,0,0,921531,1009541
00671R,2026-08-27,0,0,0,997196,997196
00401A,2026-08-27,772000,0,0,223498,995498
6108,2026-08-27,972465,0,0,22000,994465
2820,2026-08-27,1069000,0,0,-81000,988000
3450,2026-08-27,365665,0,688000,-68280,985385
2633,2026-08-27,970552,0,3000,11452,985004
1519,2026-08-27,732682,0,0,244796,977478
4904,2026-08-27,1158680,0,4303,-187832,975151
3712,2026-08-27,974000,0,0,1000,975000
00641R,2026-08-27,0,0,0,964992,964992
2476,2026-08-27,746683,0,-10000,226362,963045
1304,2026-08-27,816579,0,0,144547,961126
2308,2026-08-27,716238,0,281621,-51986,945873
9941,2026-08-27,824222,0,116000,-5364,934858
00404A,2026-08-27,-359900,0,0,1284194,924294
2646,2026-08-27,863962,0,2000,55000,920962
009802,2026-08-27,207050,0,0,711024,918074
6672,2026-08-27,880609,0,-6000,29566,904175
2449,2026-08-27,301953,0,939482,-355821,885614
2492,2026-08-27,-205975,0,-12000,1100615,882640
00642U,2026-08-27,-4000,0,0,865866,861866
4967,2026-08-27,869370,0,-7000,-4301,858069
2630,2026-08-27,269496,0,0,582279,851775
1618,2026-08-27,852557,0,0,-1966,850591
1229,2026-08-27,811712,0,3000,12019,826731
3037,2026-08-27,181470,0,490416,152538,824424
00987A,2026-08-27,409000,0,0,411307,820307
1305,2026-08-27,801357,0,0,17109,818466
1440,2026-08-27,759602,0,2000,54843,816445
1612,2026-08-27,821870,0,-9000,-6180,806690
2474,2026-08-27,842342,0,-9000,-39375,793967
006208,2026-08-27,62352,0,13000,718154,793506
2486,2026-08-27,688999,0,20000,60088,769087
4927,2026-08-27,760209,0,0,5574,765783
3017,2026-08-27,-383807,0,934092,206962,757247
4960,2026-08-27,750050,0,0,1926,751976
2402,2026-08-27,709549,0,0,36288,745837
00408A,2026-08-27,2047,0,0,717516,719563
1708,2026-08-27,720961,0,-4000,2054,719015
00935,2026-08-27,1332500,0,0,-629939,702561
00896,2026-08-27,279000,0,0,414341,693341
1904,2026-08-27,674157,0,2000,14000,690157
5471,2026-08-27,661231,0,0,27757,688988
1514,2026-08-27,642231,0,6000,38807,687038
2645,2026-08-27,412503,0,62000,210335,684838
4912,2026-08-27,648000,0,0,10950,658950
1536,2026-08-27,647335,0,0,8498,655833
7788,2026-08-27,488930,0,0,141795,630725
3673,2026-08-27,641045,0,0,-18718,622327
00892,2026-08-27,280025,0,0,325497,605522
4576,2026-08-27,586875,0,0,15125,602000
00637L,2026-08-27,484000,0,0,90890,574890
3003,2026-08-27,573989,0,0,-690,573299
2881,2026-08-27,-3416531,0,3695630,292944,572043
6805,2026-08-27,-85728,0,673000,-17538,569734
2534,2026-08-27,551260,0,0,15000,566260
2612,2026-08-27,562584,0,0,10,562594
009824,2026-08-27,394000,0,0,156821,550821
00713,2026-08-27,-675440,0,1500000,-274353,550207
3715,2026-08-27,489476,0,0,56506,545982
2485,2026-08-27,357996,0,0,185966,543962
6153,2026-08-27,679479,0,0,-140915,538564
2838,2026-08-27,505000,0,5000,25000,535000
8261,2026-08-27,599826,0,-7000,-65157,527669
7780,2026-08-27,522450,0,0,-330,522120
2439,2026-08-27,498000,0,11000,10946,519946
8222,2026-08-27,516574,0,0,0,516574
2465,2026-08-27,510364,0,0,0,510364
1714,2026-08-27,438573,0,-18000,85556,506129
1905,2026-08-27,586891,0,0,-83590,503301
1308,2026-08-27,499274,0,0,2704,501978
2617,2026-08-27,505568,0,0,-21649,483919
2498,2026-08-27,484277,0,-18000,14951,481228
2010,2026-08-27,493883,0,0,-22000,471883
2467,2026-08-27,449517,0,-1000,9776,458293
3056,2026-08-27,448521,0,0,5023,453544
6202,2026-08-27,452836,0,-20000,11130,443966
00675L,2026-08-27,43000,0,0,396161,439161
00983A,2026-08-27,739000,0,0,-300967,438033
00923,2026-08-27,-359500,0,0,793370,433870
3031,2026-08-27,428182,0,0,1000,429182
2108,2026-08-27,423000,0,0,5304,428304
2312,2026-08-27,466210,0,0,-43804,422406
1727,2026-08-27,393806,0,0,23470,417276
6412,2026-08-27,402000,0,8000,6900,416900
6753,2026-08-27,487718,0,0,-77864,409854
8926,2026-08-27,424071,0,1000,-18623,406448
2913,2026-08-27,362925,0,0,40000,402925
3532,2026-08-27,-40820,0,337000,102250,398430
009804,2026-08-27,168000,0,0,227123,395123
2417,2026-08-27,395648,0,0,-1000,394648
00913,2026-08-27,-1000,0,0,392889,391889
00951,2026-08-27,64000,0,0,314141,378141
3543,2026-08-27,381600,0,0,-6041,375559
3711,2026-08-27,1807361,0,-1304688,-129574,373099
00932,2026-08-27,-104000,0,0,474200,370200
4952,2026-08-27,372993,0,0,-4375,368618
6133,2026-08-27,351200,0,0,1000,352200
6670,2026-08-27,289164,0,37000,23777,349941
3167,2026-08-27,384934,0,0,-35031,349903
6191,2026-08-27,345429,0,1000,-8566,337863
5243,2026-08-27,317754,0,0,11093,328847
2030,2026-08-27,338582,0,0,-11000,327582
2331,2026-08-27,318321,0,0,6000,324321
2836,2026-08-27,413269,0,0,-90000,323269
2420,2026-08-27,328741,0,0,-9030,319711
1307,2026-08-27,328026,0,-9000,543,319569
8131,2026-08-27,314994,0,0,4280,319274
6141,2026-08-27,311461,0,0,7040,318501
2461,2026-08-27,313934,0,0,3000,316934
00904,2026-08-27,93000,0,0,223268,316268
1808,2026-08-27,130409,0,0,182520,312929
1217,2026-08-27,299146,0,0,2000,301146
9921,2026-08-27,303116,0,0,-2022,301094
1447,2026-08-27,307161,0,-12000,3000,298161
1611,2026-08-27,265463,0,0,31000,296463
009813,2026-08-27,1000,0,0,294226,295226
3029,2026-08-27,260549,0,-3000,32609,290158
2316,2026-08-27,303915,0,-3000,-13140,287775
00905,2026-08-27,-10000,0,0,296553,286553
6531,2026-08-27,-455448,0,745000,-4447,285105
1597,2026-08-27,269695,0,0,14128,283823
00952,2026-08-27,57000,0,0,226623,283623
009818,2026-08-27,0,0,0,281573,281573
2495,2026-08-27,263000,0,12000,1670,276670
2501,2026-08-27,271299,0,0,3000,274299
2478,2026-08-27,283038,0,-38000,28357,273395
2547,2026-08-27,344062,0,0,-73367,270695
2511,2026-08-27,340936,0,0,-73000,267936
00898,2026-08-27,342300,0,0,-75344,266956
00733,2026-08-27,50000,0,0,216557,266557
00692,2026-08-27,70000,0,0,190136,260136
3023,2026-08-27,337726,0,-66000,-13373,258353
2483,2026-08-27,255826,0,0,-3000,252826
6164,2026-08-27,249395,0,0,3000,252395
2601,2026-08-27,248381,0,0,3000,251381
1471,2026-08-27,241000,0,0,6000,247000
3050,2026-08-27,268000,0,0,-22000,246000
00673R,2026-08-27,0,0,0,244863,244863
00936,2026-08-27,40000,0,0,200676,240676
3545,2026-08-27,240100,0,0,-814,239286
6668,2026-08-27,222000,0,0,16470,238470
8215,2026-08-27,234000,0,0,-192,233808
1529,2026-08-27,232610,0,0,1000,233610
6235,2026-08-27,231188,0,0,792,231980
4916,2026-08-27,226233,0,0,3887,230120
6449,2026-08-27,205106,0,0,18468,223574
3051,2026-08-27,225900,0,0,-2851,223049
3701,2026-08-27,217049,0,0,2105,219154
3094,2026-08-27,217865,0,0,1000,218865
3550,2026-08-27,218198,0,-2000,568,216766
8213,2026-08-27,214000,0,0,776,214776
2393,2026-08-27,571030,0,-13700,-343000,214330
3013,2026-08-27,167742,0,0,46170,213912
5258,2026-08-27,214000,0,0,-348,213652
3149,2026-08-27,210628,0,0,-662,209966
4590,2026-08-27,209000,0,0,945,209945
3062,2026-08-27,216000,0,0,-7000,209000
2816,2026-08-27,194869,0,0,14000,208869
2365,2026-08-27,203000,0,0,2000,205000
2034,2026-08-27,113687,0,0,89196,202883
2419,2026-08-27,194811,0,0,5000,199811
00939,2026-08-27,-286000,0,0,485230,199230
009803,2026-08-27,-91000,0,0,288904,197904
3591,2026-08-27,197091,0,0,0,197091
1524,2026-08-27,193932,0,0,1000,194932
6120,2026-08-27,203331,0,0,-8834,194497
6890,2026-08-27,193242,0,0,491,193733
8104,2026-08-27,190000,0,0,1000,191000
2614,2026-08-27,185705,0,0,2000,187705
2457,2026-08-27,175213,0,0,11852,187065
1616,2026-08-27,185592,0,0,1000,186592
2015,2026-08-27,191823,0,0,-6000,185823
2357,2026-08-27,253905,0,-20009,-50276,183620
4142,2026-08-27,181000,0,0,1931,182931
2353,2026-08-27,405000,0,5581,-228619,181962
5469,2026-08-27,178491,0,1000,-3000,176491
4934,2026-08-27,174952,0,0,1000,175952
1712,2026-08-27,220050,0,1000,-46281,174769
9955,2026-08-27,173330,0,0,0,173330
4949,2026-08-27,171000,0,0,1000,172000
9917,2026-08-27,165686,0,5000,1000,171686
00850,2026-08-27,-41000,0,530000,-317453,171547
1455,2026-08-27,194070,0,0,-23000,171070
6438,2026-08-27,163291,0,0,5223,168514
2912,2026-08-27,158029,0,-1000,10586,167615
1907,2026-08-27,161373,0,2000,2000,165373
4532,2026-08-27,183000,0,-13000,-5157,164843
00907,2026-08-27,28000,0,0,134964,162964
2101,2026-08-27,155703,0,0,6654,162357
8011,2026-08-27,161170,0,0,1000,162170
6155,2026-08-27,165396,0,-2000,-2000,161396
6243,2026-08-27,157440,0,0,1031,158471
3708,2026-08-27,172543,0,0,-16067,156476
6533,2026-08-27,164252,0,-5000,-4749,154503
7799,2026-08-27,155018,0,0,-1000,154018
00669R,2026-08-27,1000,0,0,152308,153308
1337,2026-08-27,152210,0,0,1000,153210
2390,2026-08-27,136999,0,0,15000,151999
8163,2026-08-27,145164,0,0,3086,148250
3653,2026-08-27,237957,0,-66032,-24317,147608
5269,2026-08-27,141359,0,0,3088,144447
3030,2026-08-27,98079,0,-1000,45707,142786
00962,2026-08-27,-5000,0,0,146730,141730
5515,2026-08-27,165581,0,0,-28259,137322
6446,2026-08-27,139924,0,-3528,890,137286
2545,2026-08-27,154321,0,0,-18000,136321
4564,2026-08-27,133886,0,0,-1000,132886
4771,2026-08-27,128092,0,0,3569,131661
3443,2026-08-27,90621,0,56891,-15981,131531
6598,2026-08-27,130000,0,0,1000,131000
8473,2026-08-27,129879,0,0,996,130875
2543,2026-08-27,128295,0,0,1989,130284
2427,2026-08-27,129000,0,0,0,129000
6213,2026-08-27,334528,0,-327000,118592,126120
8476,2026-08-27,130000,0,-2000,-2000,126000
3338,2026-08-27,127171,0,0,-1244,125927
5244,2026-08-27,124999,0,0,0,124999
3669,2026-08-27,122000,0,0,2000,124000
009801,2026-08-27,-1000,0,0,124120,123120
3622,2026-08-27,96139,0,0,22408,118547
6873,2026-08-27,116699,0,0,1000,117699
3717,2026-08-27,126338,0,0,-8850,117488
00902,2026-08-27,5000,0,0,111243,116243
6152,2026-08-27,122271,0,0,-8000,114271
00893,2026-08-27,369000,0,0,-254943,114057
8404,2026-08-27,113000,0,0,1000,114000
6142,2026-08-27,118000,0,0,-4000,114000
2537,2026-08-27,113045,0,0,432,113477
1617,2026-08-27,112177,0,0,1000,113177
6589,2026-08-27,109000,0,0,3426,112426
00894,2026-08-27,-116000,0,0,226630,110630
00930,2026-08-27,-1000,0,0,111485,110485
6215,2026-08-27,101000,0,0,8384,109384
1615,2026-08-27,121074,0,0,-13000,108074
7822,2026-08-27,96996,0,0,10212,107208
1789,2026-08-27,104472,0,0,2000,106472
6526,2026-08-27,98136,0,-2000,10198,106334
6416,2026-08-27,104040,0,0,2000,106040
3416,2026-08-27,105048,0,0,-337,104711
4555,2026-08-27,106393,0,0,-1951,104442
4938,2026-08-27,138537,0,59000,-93420,104117
1215,2026-08-27,94902,0,8000,910,103812
2375,2026-08-27,-51120,0,-2000,156409,103289
4770,2026-08-27,100018,0,0,2665,102683
2481,2026-08-27,-537427,0,620000,19911,102484
3705,2026-08-27,100010,0,0,1000,101010
9103,2026-08-27,100000,0,0,120,100120
2903,2026-08-27,89071,0,1000,9000,99071
2905,2026-08-27,85004,0,0,14000,99004
6937,2026-08-27,69513,0,0,28823,98336
9919,2026-08-27,98000,0,0,0,98000
3044,2026-08-27,167510,0,985,-70598,97897
4585,2026-08-27,92000,0,0,3154,95154
00674R,2026-08-27,2000,0,0,92837,94837
2462,2026-08-27,91000,0,0,2930,93930
3515,2026-08-27,88736,0,3000,-16,91720
00402A,2026-08-27,-25000,0,0,116287,91287
2613,2026-08-27,90584,0,0,0,90584
2340,2026-08-27,71010,0,0,18994,90004
2460,2026-08-27,87556,0,0,1000,88556
2103,2026-08-27,345318,0,0,-256772,88546
2453,2026-08-27,93405,0,0,-5000,88405
3057,2026-08-27,83000,0,0,5000,88000
1309,2026-08-27,78247,0,0,9536,87783
6861,2026-08-27,65000,0,0,22229,87229
2258,2026-08-27,73960,0,0,12900,86860
2535,2026-08-27,92345,0,0,-5584,86761
1477,2026-08-27,73689,0,-7000,19826,86515
2607,2026-08-27,96554,0,0,-10563,85991
3027,2026-08-27,83000,0,0,1845,84845
3014,2026-08-27,87532,0,-4100,995,84427
1603,2026-08-27,87025,0,0,-3000,84025
912000,2026-08-27,84000,0,0,0,84000
2440,2026-08-27,88609,0,0,-5000,83609
8081,2026-08-27,89516,0,-2100,-4000,83416
00944,2026-08-27,25000,0,0,58336,83336
6541,2026-08-27,82080,0,0,1000,83080
00982D,2026-08-27,8000,0,0,75035,83035
2405,2026-08-27,77000,0,0,6000,83000
3305,2026-08-27,41935,0,0,40458,82393
3008,2026-08-27,-141153,0,203966,19466,82279
3312,2026-08-27,112000,0,0,-29981,82019
9136,2026-08-27,81000,0,0,845,81845
009808,2026-08-27,28000,0,0,53508,81508
3052,2026-08-27,81000,0,0,0,81000
2329,2026-08-27,221762,0,0,-143981,77781
1522,2026-08-27,75414,0,0,2000,77414
3058,2026-08-27,77000,0,0,0,77000
4551,2026-08-27,-86185,0,134000,28351,76166
8429,2026-08-27,74000,0,0,1000,75000
1325,2026-08-27,74000,0,0,1000,75000
4562,2026-08-27,75000,0,0,-956,74044
2923,2026-08-27,30000,0,0,44000,74000
5283,2026-08-27,70789,0,0,3000,73789
6781,2026-08-27,29434,0,0,44105,73539
4306,2026-08-27,118190,0,0,-46000,72190
8438,2026-08-27,75960,0,0,-4029,71931
4722,2026-08-27,98785,0,0,-27466,71319
2237,2026-08-27,71004,0,0,0,71004
00989A,2026-08-27,1248000,0,0,-1177147,70853
4119,2026-08-27,74499,0,0,-3712,70787
3583,2026-08-27,91550,0,0,-20833,70717
2397,2026-08-27,70000,0,0,0,70000
1460,2026-08-27,68000,0,0,1000,69000
6112,2026-08-27,70094,0,0,-1686,68408
6658,2026-08-27,68080,0,0,60,68140
3518,2026-08-27,72000,0,0,-4000,68000
8016,2026-08-27,71277,0,-12000,7242,66519
2597,2026-08-27,66496,0,0,0,66496
1442,2026-08-27,64480,0,0,1000,65480
6969,2026-08-27,66000,0,0,-1000,65000
6409,2026-08-27,59333,0,-3016,5905,62222
2020,2026-08-27,60000,0,0,1000,61000
00934,2026-08-27,250440,0,0,-190138,60302
6115,2026-08-27,66000,0,0,-6000,60000
00643,2026-08-27,-90000,0,0,149637,59637
2231,2026-08-27,60791,0,0,-1187,59604
1773,2026-08-27,45241,0,0,14269,59510
3356,2026-08-27,55810,0,0,2648,58458
3092,2026-08-27,56301,0,0,100,56401
3011,2026-08-27,55925,0,0,0,55925
00915,2026-08-27,-68000,0,0,123763,55763
2107,2026-08-27,53598,0,0,2000,55598
00656R,2026-08-27,-380000,0,0,434998,54998
6914,2026-08-27,54419,0,0,0,54419
2247,2026-08-27,57000,0,0,-3000,54000
00639,2026-08-27,0,0,0,53570,53570
3308,2026-08-27,54000,0,0,-923,53077
4956,2026-08-27,52269,0,0,629,52898
7711,2026-08-27,60946,0,0,-8479,52467
6994,2026-08-27,52000,0,0,12,52012
8045,2026-08-27,52000,0,0,1,52001
8499,2026-08-27,50000,0,0,1251,51251
2207,2026-08-27,46531,0,1000,3698,51229
3257,2026-08-27,55000,0,0,-4000,51000
6558,2026-08-27,50000,0,0,0,50000
2069,2026-08-27,72786,0,0,-23000,49786
6592,2026-08-27,46231,0,0,2989,49220
1733,2026-08-27,49016,0,0,0,49016
6605,2026-08-27,46247,0,0,2429,48676
6862,2026-08-27,49000,0,0,-484,48516
3665,2026-08-27,85614,0,-86070,48895,48439
4746,2026-08-27,48000,0,0,152,48152
6117,2026-08-27,47000,0,0,772,47772
9927,2026-08-27,47000,0,0,-598,46402
5225,2026-08-27,46283,0,0,0,46283
00731,2026-08-27,94000,0,0,-48859,45141
00717,2026-08-27,209000,0,0,-164000,45000
8072,2026-08-27,45000,0,0,0,45000
4919,2026-08-27,125372,0,-1000,-80337,44035
1465,2026-08-27,44000,0,0,0,44000
1416,2026-08-27,43646,0,0,-5,43641
1436,2026-08-27,43000,0,0,0,43000
6923,2026-08-27,50000,0,0,-7000,43000
5484,2026-08-27,45000,0,0,-2000,43000
009817,2026-08-27,34000,0,0,8761,42761
00921,2026-08-27,11040,0,0,31230,42270
2425,2026-08-27,44056,0,-2000,0,42056
00709,2026-08-27,-1000,0,71000,-28000,42000
6918,2026-08-27,42000,0,0,-1000,41000
2466,2026-08-27,40182,0,-3000,3000,40182
3530,2026-08-27,43000,0,0,-2946,40054
6906,2026-08-27,40000,0,0,50,40050
2929,2026-08-27,40000,0,0,0,40000
006206,2026-08-27,-8000,0,0,47748,39748
6869,2026-08-27,40164,0,0,-543,39621
00912,2026-08-27,31000,0,0,8490,39490
5519,2026-08-27,39130,0,0,0,39130
3002,2026-08-27,39000,0,0,6,39006
020039,2026-08-27,0,0,0,39000,39000
6591,2026-08-27,38000,0,0,-354,37646
3041,2026-08-27,40210,0,0,-3000,37210
1735,2026-08-27,49000,0,0,-11823,37177
6165,2026-08-27,37100,0,0,0,37100
3563,2026-08-27,26166,0,0,10611,36777
4968,2026-08-27,39045,0,0,-2299,36746
6695,2026-08-27,36270,0,0,-113,36157
1201,2026-08-27,80000,0,0,-44000,36000
9935,2026-08-27,43000,0,0,-7000,36000
6585,2026-08-27,34810,0,0,757,35567
1445,2026-08-27,33000,0,0,2000,35000
3437,2026-08-27,33946,0,0,1000,34946
2114,2026-08-27,35000,0,0,-102,34898
1414,2026-08-27,36850,0,0,-2000,34850
6947,2026-08-27,34700,0,0,0,34700
3138,2026-08-27,28840,0,0,5408,34248
5522,2026-08-27,37000,0,-4000,1000,34000
2423,2026-08-27,33000,0,0,1000,34000
8478,2026-08-27,33987,0,0,0,33987
00938,2026-08-27,-106000,0,0,138844,32844
1528,2026-08-27,31454,0,0,1000,32454
9906,2026-08-27,32000,0,0,0,32000
9912,2026-08-27,31000,0,0,1000,32000
1806,2026-08-27,30000,0,0,2000,32000
1760,2026-08-27,31000,0,0,1000,32000
6515,2026-08-27,215324,0,-187500,3942,31766
1532,2026-08-27,46081,0,0,-15000,31081
006205,2026-08-27,17000,0,17000,-3372,30628
2349,2026-08-27,31363,0,0,-1000,30363
3535,2026-08-27,30005,0,0,98,30103
1604,2026-08-27,43996,0,0,-14000,29996
3588,2026-08-27,36000,0,0,-6008,29992
2236,2026-08-27,29120,0,0,534,29654
6743,2026-08-27,35000,0,0,-6000,29000
3501,2026-08-27,38000,0,0,-9000,29000
1527,2026-08-27,28999,0,0,0,28999
6799,2026-08-27,28998,0,0,-81,28917
6831,2026-08-27,-11471,0,17000,22767,28296
6230,2026-08-27,28000,0,0,0,28000
4766,2026-08-27,26000,0,0,1500,27500
1805,2026-08-27,26144,0,0,1000,27144
00762,2026-08-27,60000,0,0,-32976,27024
00703,2026-08-27,0,0,0,26743,26743
2472,2026-08-27,-58485,0,0,84742,26257
1587,2026-08-27,26070,0,0,0,26070
1725,2026-08-27,24000,0,0,2000,26000
7730,2026-08-27,25000,0,0,420,25420
7769,2026-08-27,70245,0,-46021,1097,25321
2722,2026-08-27,22000,0,0,2000,24000
2762,2026-08-27,25000,0,0,-1000,24000
1321,2026-08-27,23000,0,0,1000,24000
00911,2026-08-27,-4018,0,0,28000,23982
5292,2026-08-27,24498,0,0,-672,23826
8249,2026-08-27,22200,0,0,1000,23200
1809,2026-08-27,24007,0,0,-1000,23007
1464,2026-08-27,33000,0,0,-10000,23000
020034,2026-08-27,0,0,0,23000,23000
2480,2026-08-27,19000,0,2000,1795,22795
1598,2026-08-27,21000,0,0,1395,22395
2471,2026-08-27,22000,0,0,0,22000
2444,2026-08-27,21000,0,0,1000,22000
00982T,2026-08-27,0,0,0,21068,21068
5222,2026-08-27,22000,0,0,-952,21048
6606,2026-08-27,33000,0,0,-12000,21000
2431,2026-08-27,21000,0,0,0,21000
2028,2026-08-27,15000,0,0,6000,21000
4178,2026-08-27,23000,0,0,-2000,21000
2739,2026-08-27,30000,0,0,-9000,21000
6197,2026-08-27,11519,0,0,8874,20393
4164,2026-08-27,20252,0,0,0,20252
6863,2026-08-27,19161,0,0,1000,20161
1817,2026-08-27,26000,0,0,-5895,20105
1702,2026-08-27,19000,0,0,1000,20000
3652,2026-08-27,22000,0,0,-2285,19715
6491,2026-08-27,20666,0,0,-1057,19609
00655L,2026-08-27,-13000,0,0,32605,19605
8374,2026-08-27,20000,0,0,-508,19492
4961,2026-08-27,21538,0,-1000,-1092,19446
2241,2026-08-27,20323,0,0,-1000,19323
1342,2026-08-27,22177,0,-1000,-2050,19127
6625,2026-08-27,26000,0,0,-7000,19000
2482,2026-08-27,19000,0,0,-221,18779
5285,2026-08-27,12130,0,0,6603,18733
00634R,2026-08-27,0,0,0,18700,18700
2527,2026-08-27,62565,0,0,-43895,18670
1568,2026-08-27,17000,0,0,1576,18576
2387,2026-08-27,17023,0,0,1000,18023
0051,2026-08-27,-1000,0,0,19001,18001
3447,2026-08-27,18000,0,0,0,18000
3494,2026-08-27,18000,0,0,0,18000
4588,2026-08-27,22000,0,0,-4000,18000
2850,2026-08-27,14000,0,0,3868,17868
6854,2026-08-27,18000,0,0,-261,17739
00986A,2026-08-27,22000,0,0,-4486,17514
3592,2026-08-27,23660,0,-2000,-4366,17294
00700,2026-08-27,-5000,0,0,22078,17078
00920,2026-08-27,-101000,0,0,118004,17004
6792,2026-08-27,17000,0,0,0,17000
2524,2026-08-27,15000,0,0,2000,17000
1467,2026-08-27,16000,0,0,1000,17000
1235,2026-08-27,16000,0,0,1000,17000
1417,2026-08-27,15999,0,0,1000,16999
00876,2026-08-27,128000,0,0,-111214,16786
00657,2026-08-27,0,0,0,16407,16407
7721,2026-08-27,17000,0,0,-939,16061
1438,2026-08-27,15000,0,0,1000,16000
1776,2026-08-27,16000,0,0,0,16000
4426,2026-08-27,16000,0,0,0,16000
1560,2026-08-27,131428,0,-131000,15500,15928
5236,2026-08-27,17000,0,0,-1084,15916
00926,2026-08-27,-5000,0,0,20885,15885
2013,2026-08-27,31975,0,0,-16103,15872
00661,2026-08-27,0,0,0,15627,15627
1446,2026-08-27,15000,0,0,0,15000
2206,2026-08-27,4000,0,1000,10000,15000
6657,2026-08-27,15000,0,0,0,15000
4108,2026-08-27,14000,0,0,1000,15000
2642,2026-08-27,14000,0,0,1000,15000
1517,2026-08-27,22349,0,0,-8000,14349
1466,2026-08-27,10082,0,0,4000,14082
6928,2026-08-27,13000,0,0,1000,14000
7765,2026-08-27,14000,0,0,0,14000
2616,2026-08-27,14000,0,0,-100,13900
1220,2026-08-27,11964,0,0,1434,13398
1810,2026-08-27,5420,0,0,7589,13009
1456,2026-08-27,14000,0,0,-1000,13000
1315,2026-08-27,13000,0,0,0,13000
2348,2026-08-27,61120,0,0,-48409,12711
8114,2026-08-27,14000,0,-1000,-712,12288
3043,2026-08-27,15000,0,0,-3000,12000
00903,2026-08-27,290000,0,0,-278764,11236
00752,2026-08-27,2000,0,0,9124,11124
4737,2026-08-27,11000,0,0,0,11000
1541,2026-08-27,11000,0,0,0,11000
2705,2026-08-27,11000,0,0,0,11000
5234,2026-08-27,14000,0,0,-3210,10790
00638R,2026-08-27,-112000,0,0,122500,10500
00924,2026-08-27,-11000,0,0,21207,10207
00653L,2026-08-27,13000,0,0,-2830,10170
7631,2026-08-27,9888,0,0,273,10161
2429,2026-08-27,10032,0,0,0,10032
1903,2026-08-27,10000,0,0,0,10000
2012,2026-08-27,8000,0,0,2000,10000
1474,2026-08-27,10000,0,0,0,10000
6931,2026-08-27,16000,0,0,-6000,10000
2906,2026-08-27,28000,0,0,-18000,10000
2528,2026-08-27,75000,0,0,-65000,10000
2038,2026-08-27,7828,0,0,2000,9828
7722,2026-08-27,10064,0,-1000,585,9649
00943,2026-08-27,-3000,0,0,12359,9359
00640L,2026-08-27,-4000,0,0,13121,9121
6924,2026-08-27,13000,0,0,-3882,9118
2430,2026-08-27,24000,0,0,-15000,9000
020028,2026-08-27,0,0,0,9000,9000
911868,2026-08-27,9000,0,0,0,9000
00783,2026-08-27,0,0,0,8240,8240
00730,2026-08-27,-8000,0,0,16171,8171
2748,2026-08-27,7000,0,0,1000,8000
1533,2026-08-27,9000,0,0,-1000,8000
1468,2026-08-27,9000,0,0,-1000,8000
5706,2026-08-27,23000,0,0,-15000,8000
5288,2026-08-27,12000,0,0,-4684,7316
00636,2026-08-27,4000,0,0,3135,7135
3164,2026-08-27,6000,0,0,1000,7000
3296,2026-08-27,7000,0,0,0,7000
020029,2026-08-27,0,0,0,7000,7000
020031,2026-08-27,0,0,0,7000,7000
6909,2026-08-27,7000,0,0,0,7000
1423,2026-08-27,7000,0,0,0,7000
1410,2026-08-27,7000,0,0,0,7000
2239,2026-08-27,7000,0,0,0,7000
020030,2026-08-27,0,0,0,7000,7000
6902,2026-08-27,6929,0,0,0,6929
3040,2026-08-27,7000,0,0,-81,6919
4169,2026-08-27,6870,0,0,0,6870
3032,2026-08-27,5700,0,0,1000,6700
6581,2026-08-27,10293,0,0,-4000,6293
1432,2026-08-27,6008,0,0,0,6008
1340,2026-08-27,5000,0,0,1000,6000
6965,2026-08-27,5000,0,0,1000,6000
7803,2026-08-27,5000,0,0,1000,6000
7791,2026-08-27,6000,0,0,0,6000
00654R,2026-08-27,0,0,0,6000,6000
020020,2026-08-27,0,0,0,6000,6000
1730,2026-08-27,11000,0,0,-5000,6000
2250,2026-08-27,6000,0,0,0,6000
8463,2026-08-27,6000,0,0,-82,5918
009809,2026-08-27,-1000,0,0,6789,5789
1736,2026-08-27,3712,0,0,2000,5712
00739,2026-08-27,0,0,0,5534,5534
9944,2026-08-27,-1000,0,0,6502,5502
9937,2026-08-27,4000,0,0,1000,5000
9908,2026-08-27,4000,0,0,1000,5000
4557,2026-08-27,3000,0,0,2000,5000
1521,2026-08-27,7000,0,0,-2000,5000
1435,2026-08-27,5000,0,0,0,5000
7736,2026-08-27,5000,0,0,0,5000
6272,2026-08-27,4000,0,0,1000,5000
1463,2026-08-27,5000,0,0,0,5000
2007,2026-08-27,3000,0,0,2000,5000
6768,2026-08-27,7203,0,-2000,-305,4898
2731,2026-08-27,9000,0,0,-4791,4209
1232,2026-08-27,6841,0,0,-2633,4208
6957,2026-08-27,5160,0,0,-1000,4160
6835,2026-08-27,4000,0,0,0,4000
5546,2026-08-27,4000,0,0,0,4000
1525,2026-08-27,4000,0,0,0,4000
1526,2026-08-27,4000,0,0,0,4000
1540,2026-08-27,3000,0,0,1000,4000
8488,2026-08-27,1000,0,0,3000,4000
2516,2026-08-27,-2240,0,0,6000,3760
6921,2026-08-27,4000,0,0,-1000,3000
1472,2026-08-27,3000,0,0,0,3000
1441,2026-08-27,2000,0,0,1000,3000
2008,2026-08-27,2000,0,0,1000,3000
1783,2026-08-27,3000,0,0,0,3000
8940,2026-08-27,2000,0,0,1000,3000
9911,2026-08-27,3000,0,0,0,3000
2881A,2026-08-27,3000,0,0,0,3000
00702,2026-08-27,0,0,0,3000,3000
1443,2026-08-27,2000,0,0,1000,3000
2438,2026-08-27,3000,0,0,0,3000
2881C,2026-08-27,3000,0,0,0,3000
1110,2026-08-27,11000,0,0,-8000,3000
2459,2026-08-27,4976,0,0,-2000,2976
00908,2026-08-27,-288000,0,0,290923,2923
7750,2026-08-27,-2842,0,-2000,7647,2805
4569,2026-08-27,2000,0,0,759,2759
00861,2026-08-27,50000,0,0,-47291,2709
00852L,2026-08-27,0,0,0,2624,2624
00651R,2026-08-27,0,0,0,2370,2370
00909,2026-08-27,57010,0,0,-54996,2014
020037,2026-08-27,0,0,0,2000,2000
4572,2026-08-27,2000,0,0,0,2000
4942,2026-08-27,1000,0,0,1000,2000
8482,2026-08-27,2000,0,0,0,2000
5538,2026-08-27,0,0,0,2000,2000
6431,2026-08-27,3000,0,0,-1000,2000
6655,2026-08-27,2000,0,0,0,2000
6674,2026-08-27,2000,0,0,0,2000
2254,2026-08-27,1000,0,0,1000,2000
1530,2026-08-27,3000,0,0,-1000,2000
6958,2026-08-27,5000,0,0,-3000,2000
9943,2026-08-27,2000,0,0,0,2000
2702,2026-08-27,3000,0,0,-1000,2000
2450,2026-08-27,9000,0,0,-7343,1657
8462,2026-08-27,2745,0,0,-1094,1651
1324,2026-08-27,1000,0,0,450,1450
006204,2026-08-27,-1000,0,0,2263,1263
7823,2026-08-27,1000,0,0,207,1207
00899,2026-08-27,0,0,0,1183,1183
00851,2026-08-27,0,0,0,1000,1000
00682U,2026-08-27,0,0,0,1000,1000
4190,2026-08-27,2000,0,0,-1000,1000
2881B,2026-08-27,0,0,0,1000,1000
2882B,2026-08-27,0,0,0,1000,1000
2712,2026-08-27,0,0,0,1000,1000
3150,2026-08-27,4000,0,0,-3000,1000
4994,2026-08-27,1000,0,0,0,1000
5525,2026-08-27,11000,0,0,-10000,1000
6671,2026-08-27,1000,0,0,0,1000
6698,2026-08-27,2000,0,0,-1000,1000
6887,2026-08-27,2000,0,0,-1000,1000
6952,2026-08-27,1000,0,0,0,1000
6582,2026-08-27,0,0,0,1000,1000
1341,2026-08-27,0,0,0,1000,1000
1418,2026-08-27,1000,0,0,0,1000
6807,2026-08-27,1000,0,0,0,1000
5906,2026-08-27,1000,0,0,0,1000
4930,2026-08-27,1000,0,0,0,1000
3038,2026-08-27,1000,0,0,0,1000
1614,2026-08-27,1000,0,0,0,1000
6908,2026-08-27,2000,0,0,-1046,954
4581,2026-08-27,0,0,0,934,934
6951,2026-08-27,1000,0,0,-71,929
1906,2026-08-27,2911,0,0,-2000,911
1470,2026-08-27,0,0,0,904,904
4195,2026-08-27,1000,0,0,-100,900
6645,2026-08-27,1000,0,0,-250,750
1786,2026-08-27,0,0,0,673,673
3679,2026-08-27,3000,0,0,-2594,406
0061,2026-08-27,3000,0,0,-2680,320
2433,2026-08-27,8000,0,0,-7703,297
6128,2026-08-27,0,0,0,0,0
6201,2026-08-27,0,0,0,0,0
6504,2026-08-27,0,0,0,0,0
6794,2026-08-27,0,0,0,0,0
7732,2026-08-27,-1000,0,0,1000,0
2314,2026-08-27,0,0,0,0,0
1338,2026-08-27,0,0,0,0,0
1454,2026-08-27,0,0,0,0,0
1475,2026-08-27,1000,0,0,-1000,0
00660,2026-08-27,-1000,0,0,1000,0
8467,2026-08-27,1000,0,0,-1000,0
9918,2026-08-27,-1000,0,0,1000,0
9931,2026-08-27,-1000,0,0,1000,0
3432,2026-08-27,0,0,0,0,0
2939,2026-08-27,-1000,0,0,1000,0
2891B,2026-08-27,0,0,0,0,0
2901,2026-08-27,-1000,0,0,1000,0
3686,2026-08-27,0,0,0,0,0
3593,2026-08-27,0,0,0,0,0
00681R,2026-08-27,0,0,0,0,0
00736,2026-08-27,0,0,0,0,0
00775B,2026-08-27,-1000,0,0,1000,0
4414,2026-08-27,23000,0,0,-23000,0
9929,2026-08-27,1000,0,0,-1000,0
3018,2026-08-27,0,0,0,0,0
7705,2026-08-27,4000,0,0,-4001,-1
1539,2026-08-27,-1000,0,0,996,-4
00689R,2026-08-27,0,0,0,-15,-15
3168,2026-08-27,2000,0,0,-2159,-159
2514,2026-08-27,-2000,0,0,1747,-253
8464,2026-08-27,-2295,0,0,1983,-312
9930,2026-08-27,-1000,0,0,686,-314
00690,2026-08-27,-3986,0,0,3316,-670
5306,2026-08-27,-1691,0,0,1000,-691
00668,2026-08-27,15,0,0,-716,-701
00901,2026-08-27,0,0,0,-749,-749
6192,2026-08-27,1000,0,0,-1797,-797
00711B,2026-08-27,0,0,0,-854,-854
7768,2026-08-27,-950,0,0,0,-950
6934,2026-08-27,-1000,0,0,0,-1000
6936,2026-08-27,2000,0,0,-3000,-1000
5871A,2026-08-27,-1000,0,0,0,-1000
1452,2026-08-27,-1000,0,0,0,-1000
4439,2026-08-27,1000,0,0,-2000,-1000
9926,2026-08-27,-1000,0,0,0,-1000
8487,2026-08-27,2000,0,0,-3000,-1000
8466,2026-08-27,-1000,0,0,0,-1000
8367,2026-08-27,1000,0,0,-2000,-1000
3266,2026-08-27,14000,0,0,-15000,-1000
1233,2026-08-27,-1000,0,0,-16,-1016
1236,2026-08-27,-1024,0,0,0,-1024
00771,2026-08-27,0,0,0,-1030,-1030
2059,2026-08-27,27838,0,-48025,19131,-1056
2496,2026-08-27,1000,0,0,-2088,-1088
5215,2026-08-27,-2000,0,0,0,-2000
6838,2026-08-27,-2000,0,0,0,-2000
6754,2026-08-27,-2000,0,0,0,-2000
6614,2026-08-27,-2000,0,0,0,-2000
2024,2026-08-27,1000,0,0,-3000,-2000
2227,2026-08-27,-2000,0,0,0,-2000
020038,2026-08-27,0,0,0,-2000,-2000
4440,2026-08-27,-3000,0,0,1000,-2000
911608,2026-08-27,-2000,0,0,0,-2000
3557,2026-08-27,-3000,0,0,1000,-2000
2910,2026-08-27,-5000,0,0,3000,-2000
2380,2026-08-27,-2000,0,0,0,-2000
1413,2026-08-27,-2000,0,0,0,-2000
7749,2026-08-27,-1942,0,0,-101,-2043
4583,2026-08-27,-3000,0,0,842,-2158
00647L,2026-08-27,-1000,0,0,-1908,-2908
2611,2026-08-27,-5968,0,0,3000,-2968
0057,2026-08-27,1,0,0,-3000,-2999
2432,2026-08-27,1000,0,0,-4000,-3000
02001L,2026-08-27,0,0,0,-3000,-3000
6641,2026-08-27,1000,0,0,-4000,-3000
6666,2026-08-27,-3000,0,0,0,-3000
5007,2026-08-27,3000,0,0,-6000,-3000
2243,2026-08-27,0,0,-1000,-2000,-3000
1312A,2026-08-27,-3000,0,0,0,-3000
1203,2026-08-27,-3000,0,0,0,-3000
1583,2026-08-27,-3000,0,0,0,-3000
6955,2026-08-27,0,0,0,-3001,-3001
6534,2026-08-27,-3000,0,0,-31,-3031
2945,2026-08-27,0,0,0,-3094,-3094
2424,2026-08-27,-3100,0,0,0,-3100
1103,2026-08-27,-6150,0,0,3000,-3150
00652,2026-08-27,1000,0,100000,-104236,-3236
9924,2026-08-27,4000,0,0,-7468,-3468
2062,2026-08-27,-559,0,0,-3000,-3559
1623,2026-08-27,-4138,0,0,346,-3792
1439,2026-08-27,-5000,0,0,1000,-4000
1512,2026-08-27,-5000,0,0,1000,-4000
6464,2026-08-27,-4000,0,0,0,-4000
6722,2026-08-27,-4000,0,0,0,-4000
6790,2026-08-27,17000,0,0,-21000,-4000
6988,2026-08-27,-9000,0,0,5000,-4000
9902,2026-08-27,-3000,0,0,-1000,-4000
4552,2026-08-27,-4000,0,0,0,-4000
4807,2026-08-27,-4000,0,0,0,-4000
3005,2026-08-27,54000,0,-21000,-37232,-4232
00895,2026-08-27,-7005,0,0,2584,-4421
00645,2026-08-27,-43877,0,120000,-80647,-4524
1231,2026-08-27,-13800,0,0,9238,-4562
7760,2026-08-27,-5000,0,0,0,-5000
6184,2026-08-27,-5000,0,0,0,-5000
8481,2026-08-27,-2000,0,0,-3000,-5000
3419,2026-08-27,-5000,0,0,0,-5000
00972,2026-08-27,-4000,0,0,-1548,-5548
4545,2026-08-27,-5000,0,0,-1000,-6000
4148,2026-08-27,-6000,0,0,0,-6000
7689,2026-08-27,-6000,0,0,0,-6000
1752,2026-08-27,0,0,0,-6000,-6000
006203,2026-08-27,3,0,0,-6012,-6009
1453,2026-08-27,4000,0,0,-10026,-6026
4441,2026-08-27,-6000,0,0,-692,-6692
006207,2026-08-27,-8000,0,0,1069,-6931
2904,2026-08-27,-7000,0,0,0,-7000
4438,2026-08-27,0,0,0,-7000,-7000
1473,2026-08-27,-6000,0,0,-1000,-7000
1535,2026-08-27,-7000,0,0,0,-7000
2102,2026-08-27,-8000,0,0,1000,-7000
2115,2026-08-27,-4000,0,0,-4000,-8000
1234,2026-08-27,-9000,0,0,1000,-8000
5907,2026-08-27,-8000,0,0,0,-8000
2911,2026-08-27,-9000,0,0,1000,-8000
1323,2026-08-27,-1000,0,0,-7000,-8000
2546,2026-08-27,6150,0,0,-14287,-8137
00678,2026-08-27,-51000,0,0,42259,-8741
8442,2026-08-27,-2000,0,0,-7000,-9000
7855,2026-08-27,-9000,0,0,0,-9000
6796,2026-08-27,-9000,0,0,0,-9000
6689,2026-08-27,-7000,0,0,-2000,-9000
4536,2026-08-27,-6900,0,0,-3000,-9900
8201,2026-08-27,-10000,0,0,0,-10000
7835,2026-08-27,-1000,0,0,-9000,-10000
1626,2026-08-27,-6000,0,0,-4000,-10000
2228,2026-08-27,-10011,0,0,-16,-10027
9905,2026-08-27,6000,0,0,-16355,-10355
00737,2026-08-27,4000,0,0,-14790,-10790
6756,2026-08-27,-11820,0,0,1000,-10820
1713,2026-08-27,-10922,0,0,0,-10922
9942,2026-08-27,34000,0,0,-45010,-11010
1707,2026-08-27,-14046,0,0,2982,-11064
2497,2026-08-27,-19630,0,10000,-2035,-11665
2468,2026-08-27,-11810,0,0,0,-11810
6183,2026-08-27,-7000,0,0,-5000,-12000
6916,2026-08-27,-12000,0,0,0,-12000
00875,2026-08-27,0,0,0,-12097,-12097
6771,2026-08-27,-13000,0,0,610,-12390
6719,2026-08-27,-15912,0,0,3423,-12489
6933,2026-08-27,-46300,0,0,33750,-12550
6281,2026-08-27,-2000,0,0,-10709,-12709
0053,2026-08-27,1002,0,0,-13931,-12929
6283,2026-08-27,-14000,0,0,1000,-13000
2109,2026-08-27,14000,0,0,-27000,-13000
2488,2026-08-27,-12000,0,0,-1000,-13000
2033,2026-08-27,-13025,0,0,0,-13025
3034,2026-08-27,77105,0,-63039,-28060,-13994
6573,2026-08-27,-8080,0,0,-6000,-14080
2049,2026-08-27,-32641,0,0,18512,-14129
3311,2026-08-27,-14823,0,0,0,-14823
2887H,2026-08-27,-15000,0,0,0,-15000
2373,2026-08-27,-6000,0,0,-9000,-15000
2707,2026-08-27,-15000,0,0,0,-15000
1449,2026-08-27,-7000,0,0,-8190,-15190
4571,2026-08-27,-15833,0,0,-5,-15838
2248,2026-08-27,-14882,0,0,-1000,-15882
4755,2026-08-27,-16000,0,0,0,-16000
1437,2026-08-27,-17000,0,0,1000,-16000
6776,2026-08-27,-6000,0,0,-10032,-16032
2201,2026-08-27,-65485,0,17000,31888,-16597
8411,2026-08-27,-1000,0,0,-16000,-17000
2032,2026-08-27,-23000,0,0,5873,-17127
1726,2026-08-27,-16000,0,0,-2000,-18000
6224,2026-08-27,-16911,0,0,-2000,-18911
6136,2026-08-27,-18952,0,0,0,-18952
4133,2026-08-27,-18000,0,0,-1000,-19000
0055,2026-08-27,-28000,0,0,8327,-19673
9914,2026-08-27,6000,0,0,-26261,-20261
2414,2026-08-27,-20858,0,-2000,2307,-20551
1451,2026-08-27,8000,0,0,-29000,-21000
8070,2026-08-27,48859,0,-40000,-30096,-21237
4104,2026-08-27,3000,0,0,-24500,-21500
4582,2026-08-27,-20690,0,0,-1000,-21690
1731,2026-08-27,-13000,0,0,-9000,-22000
2536,2026-08-27,-6000,0,0,-16000,-22000
3054,2026-08-27,-22000,0,0,0,-22000
2477,2026-08-27,-23000,0,0,0,-23000
1419,2026-08-27,-23066,0,0,0,-23066
9940,2026-08-27,5000,0,0,-28468,-23468
3694,2026-08-27,-24809,0,0,1000,-23809
3047,2026-08-27,-24834,0,0,1000,-23834
2025,2026-08-27,-24023,0,0,0,-24023
8341,2026-08-27,-4230,0,0,-20717,-24947
2704,2026-08-27,-18000,0,0,-7000,-25000
1108,2026-08-27,-26000,0,0,1000,-25000
1732,2026-08-27,-25000,0,0,0,-25000
1558,2026-08-27,-21967,0,0,-3292,-25259
2211,2026-08-27,-26000,0,-2000,2015,-25985
7821,2026-08-27,-11000,0,0,-15000,-26000
6552,2026-08-27,-25000,0,0,-1000,-26000
2849,2026-08-27,-26000,0,0,0,-26000
2379,2026-08-27,-106550,0,-37023,117377,-26196
1762,2026-08-27,-28000,0,0,1000,-27000
4935,2026-08-27,-30000,0,0,3000,-27000
4137,2026-08-27,-26000,0,0,-1000,-27000
5521,2026-08-27,-17853,0,0,-10000,-27853
4999,2026-08-27,-29000,0,0,974,-28026
7740,2026-08-27,-28000,0,0,-495,-28495
9910,2026-08-27,-30936,0,0,1560,-29376
2832,2026-08-27,-30510,0,0,409,-30101
2413,2026-08-27,-30434,0,0,-288,-30722
7818,2026-08-27,-23000,0,0,-8000,-31000
2706,2026-08-27,-32000,0,0,816,-31184
9802,2026-08-27,-69669,0,0,38000,-31669
00701,2026-08-27,-990,0,0,-32015,-33005
8046,2026-08-27,-441590,0,267921,139766,-33903
3528,2026-08-27,-33000,0,0,-1000,-34000
1737,2026-08-27,-34000,0,0,0,-34000
6278,2026-08-27,-3394708,0,3461000,-100827,-34535
2530,2026-08-27,-26943,0,-11000,3000,-34943
2701,2026-08-27,-37000,0,0,1000,-36000
1256,2026-08-27,-35029,0,0,-1193,-36222
2374,2026-08-27,5013,0,0,-42954,-37941
1506,2026-08-27,-39943,0,0,2000,-37943
8454,2026-08-27,-30444,0,-92,-7665,-38201
2891C,2026-08-27,0,0,0,-39000,-39000
4155,2026-08-27,-16000,0,0,-23000,-39000
1531,2026-08-27,-39916,0,0,902,-39014
1537,2026-08-27,-15000,0,-26000,1000,-40000
1225,2026-08-27,-41000,0,0,975,-40025
3021,2026-08-27,-43000,0,0,2000,-41000
00728,2026-08-27,-51000,0,0,9305,-41695
6024,2026-08-27,-43000,0,0,1000,-42000
3130,2026-08-27,-36000,0,0,-6003,-42003
1457,2026-08-27,-46000,0,0,2000,-44000
1516,2026-08-27,-43000,0,0,-1044,-44044
2441,2026-08-27,-77982,0,-24000,56718,-45264
4106,2026-08-27,-39000,0,0,-8038,-47038
2415,2026-08-27,-72502,0,24000,1000,-47502
2908,2026-08-27,-14000,0,0,-34000,-48000
2434,2026-08-27,-48292,0,0,-1000,-49292
00710B,2026-08-27,0,0,0,-49789,-49789
6189,2026-08-27,-39569,0,-7000,-3690,-50259
2023,2026-08-27,1727,0,2000,-54000,-50273
3607,2026-08-27,-51000,0,0,0,-51000
2883B,2026-08-27,-106000,0,0,55000,-51000
1590,2026-08-27,-57741,0,4000,2472,-51269
6216,2026-08-27,-54000,0,0,1469,-52531
2360,2026-08-27,182324,0,-267226,30960,-53942
2753,2026-08-27,-52150,0,-2000,0,-54150
7827,2026-08-27,-54708,0,0,323,-54385
5284,2026-08-27,-45000,0,0,-10980,-55980
5434,2026-08-27,-69139,0,13000,-319,-56458
2636,2026-08-27,-45601,0,0,-11103,-56704
9934,2026-08-27,-35990,0,0,-21000,-56990
2727,2026-08-27,-58001,0,0,200,-57801
2506,2026-08-27,-38000,0,0,-20000,-58000
00964,2026-08-27,0,0,0,-58313,-58313
00635U,2026-08-27,14714,0,0,-74408,-59694
1723,2026-08-27,-57025,0,0,-2739,-59764
6415,2026-08-27,-33592,0,-31000,3716,-60876
009812,2026-08-27,316000,0,0,-377950,-61950
2851,2026-08-27,-18988,0,-12000,-31718,-62706
00991B,2026-08-27,0,0,0,-63324,-63324
6525,2026-08-27,-53672,0,-5000,-5336,-64008
6944,2026-08-27,-64844,0,0,396,-64448
2014,2026-08-27,-69642,0,0,4000,-65642
7610,2026-08-27,-67678,0,0,925,-66753
00949,2026-08-27,9000,0,0,-76282,-67282
3617,2026-08-27,-49875,0,-13000,-4668,-67543
8162,2026-08-27,-72961,0,0,5395,-67566
00897,2026-08-27,9500,0,0,-77233,-67733
6277,2026-08-27,-69926,0,0,-93,-70019
009810,2026-08-27,45000,0,0,-115215,-70215
3060,2026-08-27,-67481,0,-2000,-1471,-70952
2538,2026-08-27,-72000,0,0,1000,-71000
1721,2026-08-27,-70711,0,0,-2000,-72711
4566,2026-08-27,-75500,0,0,694,-74806
7786,2026-08-27,-73000,0,0,-2000,-75000
00706L,2026-08-27,3000,0,0,-78011,-75011
1582,2026-08-27,-80751,0,0,3136,-77615
6691,2026-08-27,-61819,0,-4000,-11922,-77741
5533,2026-08-27,-65000,0,0,-13000,-78000
3046,2026-08-27,-76020,0,0,-3261,-79281
1109,2026-08-27,-81504,0,0,1000,-80504
1734,2026-08-27,-82825,0,0,2000,-80825
3321,2026-08-27,-79000,0,0,-2000,-81000
2509,2026-08-27,-71697,0,0,-10092,-81789
3346,2026-08-27,-77000,0,0,-4820,-81820
6757,2026-08-27,-85000,0,0,997,-84003
00633L,2026-08-27,3000,0,0,-88291,-85291
2072,2026-08-27,-97000,0,0,11082,-85918
00956,2026-08-27,-41000,0,0,-45223,-86223
2233,2026-08-27,-85750,0,0,-1539,-87289
2006,2026-08-27,-58128,0,-15000,-16413,-89541
3025,2026-08-27,-90182,0,0,-281,-90463
2505,2026-08-27,-91979,0,0,1000,-90979
2029,2026-08-27,-63303,0,0,-30000,-93303
5203,2026-08-27,36000,0,0,-131520,-95520
3010,2026-08-27,-111735,0,-1000,17164,-95571
6426,2026-08-27,-280385,0,0,184658,-95727
2608,2026-08-27,-52000,0,0,-45100,-97100
00670L,2026-08-27,-8010,0,0,-91630,-99640
00714,2026-08-27,-429000,0,0,328404,-100596
6206,2026-08-27,-28559,0,-4000,-68582,-101141
6177,2026-08-27,-136400,0,0,35000,-101400
1722,2026-08-27,-120000,0,1000,17181,-101819
1720,2026-08-27,-82000,0,0,-20285,-102285
1459,2026-08-27,-90466,0,0,-14000,-104466
2022,2026-08-27,-58449,0,0,-50000,-108449
00965,2026-08-27,-59000,0,0,-50000,-109000
00971,2026-08-27,-1000,0,0,-108074,-109074
1319,2026-08-27,-118626,0,-3000,9617,-112009
1339,2026-08-27,-110002,0,0,-4404,-114406
2031,2026-08-27,-95976,0,-7000,-13970,-116946
2428,2026-08-27,225752,0,-358000,10959,-121289
3004,2026-08-27,-123056,0,0,797,-122259
6196,2026-08-27,-80563,0,-4000,-37704,-122267
4736,2026-08-27,-215697,0,102000,-8800,-122497
2412,2026-08-27,-367449,0,203826,35000,-128623
2364,2026-08-27,-153645,0,0,25010,-128635
3504,2026-08-27,-123091,0,0,-7010,-130101
9938,2026-08-27,-124000,0,-7000,-500,-131500
3048,2026-08-27,-117000,0,0,-15671,-132671
6285,2026-08-27,-97080,0,-22000,-15482,-134562
2542,2026-08-27,-589653,0,-8000,459961,-137692
2204,2026-08-27,-129335,0,-5000,-5346,-139681
3135,2026-08-27,-129000,0,0,-10838,-139838
3015,2026-08-27,-139958,0,-2000,1020,-140938
3229,2026-08-27,-142209,0,0,1000,-141209
00757,2026-08-27,-772,0,0,-142220,-142992
2345,2026-08-27,-115778,0,22818,-50658,-143618
9939,2026-08-27,-149000,0,-1000,5286,-144714
5531,2026-08-27,-141000,0,0,-4000,-145000
1218,2026-08-27,-153000,0,0,1000,-152000
1227,2026-08-27,-158432,0,1000,5000,-152432
6742,2026-08-27,-154235,0,0,345,-153890
6834,2026-08-27,-155160,0,-1000,2178,-153982
2401,2026-08-27,-179407,0,0,22697,-156710
1444,2026-08-27,-145768,0,-15000,4000,-156768
4526,2026-08-27,-157000,0,0,-89,-157089
6579,2026-08-27,-213600,0,0,54459,-159141
9946,2026-08-27,-132718,0,-3000,-25008,-160726
3533,2026-08-27,-178537,0,14000,3542,-160995
2493,2026-08-27,-156670,0,-3000,-3759,-163429
1104,2026-08-27,-168215,0,1000,1852,-165363
1476,2026-08-27,-151088,0,-80,-14319,-165487
00770,2026-08-27,-2050,0,0,-168279,-170329
3645,2026-08-27,-180672,0,0,7280,-173392
009800,2026-08-27,-8000,0,0,-166977,-174977
1219,2026-08-27,-176799,0,0,1000,-175799
6214,2026-08-27,-92601,0,-31000,-53000,-176601
2338,2026-08-27,-174000,0,0,-2857,-176857
4720,2026-08-27,-178580,0,0,1194,-177386
8021,2026-08-27,223862,0,-388000,-14572,-178710
2305,2026-08-27,-151487,0,-2000,-25502,-178989
6205,2026-08-27,-179720,0,0,-1651,-181371
6782,2026-08-27,-100409,0,0,-84234,-184643
4560,2026-08-27,-167000,0,0,-21000,-188000
3380,2026-08-27,-196000,0,1000,5149,-189851
2368,2026-08-27,-185649,0,-15137,10877,-189909
6706,2026-08-27,-205685,0,0,11829,-193856
00916,2026-08-27,-8000,0,0,-192674,-200674
00763U,2026-08-27,0,0,0,-207050,-207050
6830,2026-08-27,-373099,0,150000,8866,-214233
6789,2026-08-27,-247044,0,-3000,30693,-219351
2548,2026-08-27,-197226,0,-2500,-21107,-220833
2332,2026-08-27,-205290,0,0,-16511,-221801
2104,2026-08-27,-262680,0,0,37656,-225024
3059,2026-08-27,-222151,0,12000,-15748,-225899
2458,2026-08-27,-223974,0,1000,-4531,-227505
3035,2026-08-27,-165042,0,0,-63539,-228581
3413,2026-08-27,-222827,0,0,-7114,-229941
5876,2026-08-27,104678,0,-48200,-289108,-232630
2362,2026-08-27,-247655,0,0,13971,-233684
6414,2026-08-27,-236551,0,-1000,1708,-235843
2723,2026-08-27,-240586,0,0,2000,-238586
00891,2026-08-27,-454150,0,0,214051,-240099
00878,2026-08-27,3574675,0,0,-3819565,-244890
00983D,2026-08-27,0,0,0,-245378,-245378
00954,2026-08-27,-9000,0,0,-236559,-245559
3661,2026-08-27,-198402,0,-3029,-46899,-248330
6669,2026-08-27,-304062,0,-15050,64088,-255024
2352,2026-08-27,-281150,0,15000,6111,-260039
2323,2026-08-27,-293860,0,0,31254,-262606
3704,2026-08-27,-275096,0,0,12185,-262911
2852,2026-08-27,-259000,0,0,-6000,-265000
6715,2026-08-27,-260013,0,0,-8925,-268938
6472,2026-08-27,-243582,0,43000,-68361,-268943
2520,2026-08-27,-264107,0,1000,-6045,-269152
8210,2026-08-27,-267807,0,-1000,-1847,-270654
9933,2026-08-27,-237710,0,1000,-38799,-275509
8028,2026-08-27,-292485,0,0,5719,-286766
3716,2026-08-27,-287144,0,0,0,-287144
00738U,2026-08-27,-54000,0,0,-236437,-290437
3024,2026-08-27,-286832,0,0,-5000,-291832
1210,2026-08-27,-267000,0,1000,-27896,-293896
2301,2026-08-27,-3239604,0,3050097,-105630,-295137
1795,2026-08-27,-196973,0,0,-98913,-295886
6451,2026-08-27,-318346,0,0,9216,-309130
4764,2026-08-27,-282152,0,0,-29150,-311302
5607,2026-08-27,-212586,0,0,-101000,-313586
5608,2026-08-27,-326670,0,0,11500,-315170
6442,2026-08-27,-151778,0,-176000,7076,-320702
6901,2026-08-27,-313000,0,0,-9000,-322000
2539,2026-08-27,-312000,0,0,-21444,-333444
2454,2026-08-27,-246728,0,-12430,-82412,-341570
2383,2026-08-27,-215364,0,-221112,92649,-343827
00693U,2026-08-27,-510000,0,0,162699,-347301
00910,2026-08-27,-108180,0,0,-244998,-353178
3703,2026-08-27,-358000,0,1000,3000,-354000
2442,2026-08-27,-357294,0,0,2000,-355294
6405,2026-08-27,-371889,0,0,-3232,-375121
3596,2026-08-27,-377117,0,0,28,-377089
2376,2026-08-27,106389,0,-347151,-139887,-380649
1312,2026-08-27,-95284,0,0,-289568,-384852
00917,2026-08-27,-6000,0,0,-381421,-387421
2009,2026-08-27,-512679,0,0,123619,-389060
8105,2026-08-27,-363000,0,-201000,174911,-389089
7795,2026-08-27,-457058,0,0,62980,-394078
2451,2026-08-27,-363002,0,-36700,61,-399641
2484,2026-08-27,-417140,0,-3000,13488,-406652
00941,2026-08-27,-181000,0,0,-225727,-406727
4739,2026-08-27,-440960,0,0,28242,-412718
3022,2026-08-27,-405742,0,0,-11339,-417081
00947,2026-08-27,-1066318,0,0,642174,-424144
2395,2026-08-27,-289994,0,-10169,-130529,-430692
2404,2026-08-27,-439202,0,0,-13296,-452498
00648R,2026-08-27,0,0,0,-455950,-455950
8422,2026-08-27,-460989,0,1000,-1709,-461698
3028,2026-08-27,-479055,0,-4600,3436,-480219
6166,2026-08-27,-485680,0,0,-10725,-496405
2504,2026-08-27,-464317,0,-17000,-24301,-505618
5388,2026-08-27,-529000,0,0,23380,-505620
1909,2026-08-27,-526378,0,0,20000,-506378
3026,2026-08-27,-556966,0,-69000,119490,-506476
2302,2026-08-27,-516210,0,-1000,-2059,-519269
2406,2026-08-27,-520446,0,-6000,-968,-527414
2915,2026-08-27,-542954,0,-2000,12800,-532154
00650L,2026-08-27,-67000,0,0,-472583,-539583
5534,2026-08-27,-545032,0,0,-9272,-554304
4977,2026-08-27,-585724,0,0,16150,-569574
3033,2026-08-27,-476793,0,-9000,-83927,-569720
6962,2026-08-27,-577000,0,0,-2909,-579909
6282,2026-08-27,-558700,0,-33000,10630,-581070
2540,2026-08-27,-74998,0,0,-516000,-590998
6550,2026-08-27,-599000,0,0,-1000,-600000
2363,2026-08-27,-565500,0,0,-35276,-600776
00662,2026-08-27,137289,0,180000,-934777,-617488
00708L,2026-08-27,-218320,0,0,-405127,-623447
2834,2026-08-27,-711518,0,-7000,95000,-623518
2880,2026-08-27,386335,0,-50407,-975470,-639542
2369,2026-08-27,-571801,0,0,-80711,-652512
4976,2026-08-27,-677645,0,0,-1546,-679191
6885,2026-08-27,-703590,0,0,11000,-692590
2347,2026-08-27,-571210,0,-25700,-132966,-729876
009819,2026-08-27,105000,0,0,-843225,-738225
1316,2026-08-27,-728353,0,0,-14117,-742470
6176,2026-08-27,-749250,0,0,5582,-743668
3481,2026-08-27,-1077176,0,-67967,400895,-744248
00985A,2026-08-27,-147900,0,0,-619913,-767813
3016,2026-08-27,-748005,0,0,-23021,-771026
9958,2026-08-27,-818990,0,0,28927,-790063
00963,2026-08-27,-369000,0,0,-421391,-790391
2106,2026-08-27,-795925,0,0,-525,-796450
1515,2026-08-27,-798947,0,-3000,3119,-798828
00715L,2026-08-27,-59000,0,0,-742863,-801863
2399,2026-08-27,-785607,0,0,-17417,-803024
2342,2026-08-27,-814865,0,0,-12737,-827602
009811,2026-08-27,-10000,0,0,-833140,-843140
2388,2026-08-27,-840629,0,0,-11162,-851791
00927,2026-08-27,-1590700,0,0,719704,-870996
9925,2026-08-27,-862901,0,0,-31000,-893901
2409,2026-08-27,425358,0,-51450,-1280887,-906979
3209,2026-08-27,-906001,0,0,-2834,-908835
3055,2026-08-27,-943964,0,0,33749,-910215
3090,2026-08-27,-890908,0,-30000,218,-920690
5871,2026-08-27,-911565,0,-15000,-2570,-929135
6139,2026-08-27,-860689,0,-45000,-23834,-929523
2377,2026-08-27,-619657,0,-34000,-280678,-934335
3605,2026-08-27,-1434799,0,280000,214226,-940573
00666R,2026-08-27,-384000,0,0,-577960,-961960
2887I,2026-08-27,-963000,0,0,0,-963000
2017,2026-08-27,-1003542,0,0,18000,-985542
1402,2026-08-27,-973000,0,-65149,-19311,-1057460
8996,2026-08-27,-1479843,0,301000,115501,-1063342
00981T,2026-08-27,-15000,0,0,-1076775,-1091775
3576,2026-08-27,-1156485,0,0,15000,-1141485
4915,2026-08-27,-1145000,0,-8000,-3087,-1156087
6271,2026-08-27,-1117385,0,0,-80777,-1198162
3049,2026-08-27,-1174161,0,0,-114502,-1288663
00945B,2026-08-27,0,0,0,-1310299,-1310299
2489,2026-08-27,-1676724,0,-10500,236807,-1450417
00753L,2026-08-27,1492000,0,0,-2960349,-1468349
4763,2026-08-27,-1454873,0,1000,-105052,-1558925
2105,2026-08-27,-1412831,0,-7000,-201399,-1621230
1711,2026-08-27,-1819017,0,0,37007,-1782010
9945,2026-08-27,-1720324,0,0,-78902,-1799226
2359,2026-08-27,-1906753,0,0,-10717,-1917470
00646,2026-08-27,-552,0,300000,-2245470,-1946022
2605,2026-08-27,-1929954,0,1000,-37247,-1966201
2882,2026-08-27,-2111944,0,-7392,85379,-2033957
1609,2026-08-27,-2067973,0,1000,9102,-2057871
8112,2026-08-27,-1851767,0,-12000,-276514,-2140281
009805,2026-08-27,-4035,0,0,-2145127,-2149162
6257,2026-08-27,-2246447,0,-21000,-27072,-2294519
2367,2026-08-27,-2234293,0,0,-61061,-2295354
6209,2026-08-27,-2561139,0,0,211846,-2349293
6919,2026-08-27,-2347553,0,0,-15371,-2362924
2002,2026-08-27,-1735539,0,-4000,-861876,-2601415
00882,2026-08-27,-283233,0,0,-2493020,-2776253
00686R,2026-08-27,5000,0,0,-2828556,-2823556
00830,2026-08-27,-1209280,0,0,-1699061,-2908341
00865B,2026-08-27,-18000,0,0,-2913426,-2931426
2027,2026-08-27,-2606714,0,-2000,-350158,-2958872
2618,2026-08-27,-3129329,0,307856,-347104,-3168577
00961,2026-08-27,46000,0,0,-3230363,-3184363
4906,2026-08-27,-3264571,0,0,-21905,-3286476
2436,2026-08-27,-3602369,0,0,261902,-3340467
4989,2026-08-27,-3395329,0,0,-67593,-3462922
00676R,2026-08-27,0,0,0,-3529617,-3529617
8150,2026-08-27,-3602391,0,101000,-103065,-3604456
00665L,2026-08-27,-1519000,0,0,-2119956,-3638956
00664R,2026-08-27,0,0,0,-3864327,-3864327
3036,2026-08-27,-3868968,0,-22031,-89262,-3980261
009829,2026-08-27,327105,0,0,-4717879,-4390774
00918,2026-08-27,-412000,0,0,-4351195,-4763195
2615,2026-08-27,-6124999,0,-7352,1211337,-4921014
2327,2026-08-27,-839785,0,-5321676,1129844,-5031617
3702,2026-08-27,-2514730,0,-17000,-2568067,-5099797
6770,2026-08-27,-5072975,0,-29000,-211644,-5313619
2356,2026-08-27,-4976529,0,-127115,-391814,-5495458
2884,2026-08-27,-6715480,0,1620238,-562843,-5658085
00919,2026-08-27,-3201857,0,0,-2887883,-6089740
1802,2026-08-27,-5749817,0,2000,-690478,-6438295
1709,2026-08-27,-6509030,0,0,-283499,-6792529
2610,2026-08-27,-6578361,0,-71000,-263000,-6912361
3231,2026-08-27,-6687521,0,-89644,-364503,-7141668
00410A,2026-08-27,-907000,0,0,-6367106,-7274106
9904,2026-08-27,-7057476,0,-113000,-109533,-7280009
00985B,2026-08-27,2000,0,0,-7386101,-7384101
2891,2026-08-27,-7138902,0,-169839,-738189,-8046930
009826,2026-08-27,-96300,0,0,-9244037,-9340337
1101,2026-08-27,-12350488,0,6000,14797,-12329691
6239,2026-08-27,-12845169,0,-475000,-964722,-14284891
00984D,2026-08-27,0,0,0,-23245115,-23245115
2324,2026-08-27,-32046107,0,-64983,-714700,-32825790
00953B,2026-08-27,22100,0,0,-39365176,-39343076
2303,2026-08-27,-31746122,0,-17973186,1540810,-48178498
00712,2026-08-27,-15312818,0,0,-44109868,-59422686
00632R,2026-08-27,-17761000,0,0,-53131720,-70892720
00406A,2026-08-27,-3699457,0,0,-81969038,-85668495
00411A,2026-08-27,-2489000,0,0,-3149127,-5638127
006201,2026-08-27,-10000,0,0,26523,16523
00679B,2026-08-27,78000,0,0,-3127941,-3049941
00687B,2026-08-27,1934000,0,0,-890598,1043402
00687C,2026-08-27,0,0,0,0,0
00694B,2026-08-27,1000,0,0,-31960,-30960
00695B,2026-08-27,0,0,0,-22527,-22527
00696B,2026-08-27,1468000,0,0,-1371314,96686
00697B,2026-08-27,0,0,0,-84692,-84692
00719B,2026-08-27,-65000,0,0,-1757420,-1822420
00720B,2026-08-27,2881000,0,0,-1921210,959790
00722B,2026-08-27,-63000,0,0,-529560,-592560
00723B,2026-08-27,0,0,0,-132400,-132400
00724B,2026-08-27,-2000,0,0,22332,20332
00725B,2026-08-27,2417000,0,0,-1535113,881887
00726B,2026-08-27,0,0,0,3374,3374
00727B,2026-08-27,0,0,0,-5638,-5638
00734B,2026-08-27,-20000,0,0,20331,331
00740B,2026-08-27,14000,0,432000,-312555,133445
00741B,2026-08-27,0,0,0,-1880,-1880
00746B,2026-08-27,1000,0,0,1000,2000
00749B,2026-08-27,0,0,0,0,0
00750B,2026-08-27,0,0,0,0,0
00751B,2026-08-27,2561000,0,0,-2870000,-309000
00754B,2026-08-27,-25000,0,0,20700,-4300
00755B,2026-08-27,0,0,0,-7000,-7000
00756B,2026-08-27,0,0,0,-9397,-9397
00758B,2026-08-27,0,0,0,0,0
00759B,2026-08-27,0,0,0,-220,-220
00760B,2026-08-27,0,0,0,-7338,-7338
00761B,2026-08-27,-1000,0,0,-9000,-10000
00764B,2026-08-27,0,0,0,52782,52782
00768B,2026-08-27,0,0,0,-49966,-49966
00772B,2026-08-27,8000,0,0,212128,220128
00773B,2026-08-27,0,0,0,15979,15979
00777B,2026-08-27,0,0,0,0,0
00778B,2026-08-27,0,0,0,0,0
00779B,2026-08-27,0,0,0,0,0
00780B,2026-08-27,0,0,0,1955,1955
00781B,2026-08-27,0,0,0,-26013,-26013
00782B,2026-08-27,0,0,0,-1104,-1104
00785B,2026-08-27,0,0,0,971,971
00786B,2026-08-27,0,0,0,5136,5136
00787B,2026-08-27,0,0,0,-845,-845
00788B,2026-08-27,0,0,0,4000,4000
00789B,2026-08-27,0,0,0,0,0
00791B,2026-08-27,0,0,0,0,0
00792B,2026-08-27,-1000,0,0,-24464,-25464
00793B,2026-08-27,0,0,0,41024,41024
00795B,2026-08-27,71000,0,0,704070,775070
00799B,2026-08-27,-1000,0,0,10781,9781
00834B,2026-08-27,0,0,0,0,0
00836B,2026-08-27,0,0,0,-500,-500
00840B,2026-08-27,0,0,0,0,0
00841B,2026-08-27,0,0,0,0,0
00842B,2026-08-27,-1000,0,0,-21749,-22749
00844B,2026-08-27,0,0,0,3000,3000
00845B,2026-08-27,0,0,0,-77,-77
00846B,2026-08-27,3000,0,0,-3077,-77
00847B,2026-08-27,0,0,0,0,0
00848B,2026-08-27,0,0,0,0,0
00849B,2026-08-27,0,0,0,-1327,-1327
00853B,2026-08-27,0,0,0,17938,17938
00856B,2026-08-27,0,0,0,-4000,-4000
00857B,2026-08-27,0,0,0,221780,221780
00858,2026-08-27,0,0,0,-58891,-58891
00859B,2026-08-27,-41000,0,0,-370351,-411351
00860B,2026-08-27,0,0,0,-28154,-28154
00862B,2026-08-27,0,0,0,22,22
00863B,2026-08-27,-5000,0,0,1000,-4000
00864B,2026-08-27,-58000,0,0,-1300944,-1358944
00870B,2026-08-27,0,0,0,0,0
00877,2026-08-27,96950,0,0,1563356,1660306
00884B,2026-08-27,0,0,0,-419,-419
00886,2026-08-27,0,0,0,2277,2277
00887,2026-08-27,835000,0,0,535754,1370754
00888,2026-08-27,63092,0,0,1030825,1093917
00890B,2026-08-27,0,0,0,0,0
00928,2026-08-27,-21000,0,0,124419,103419
00931B,2026-08-27,0,0,0,605340,605340
00933B,2026-08-27,4000,0,0,-924266,-920266
00937B,2026-08-27,11414850,0,0,1283749,12698599
00942B,2026-08-27,0,0,0,171537,171537
00948B,2026-08-27,6000,0,0,1662509,1668509
00950B,2026-08-27,1213000,0,0,-1125844,87156
00955,2026-08-27,584020,0,0,-26175,557845
00957B,2026-08-27,0,0,0,41141,41141
00958B,2026-08-27,0,0,0,-10539,-10539
00959B,2026-08-27,0,0,0,131837,131837
00966B,2026-08-27,0,0,0,172821,172821
00967B,2026-08-27,2000,0,0,-201436,-199436
00968B,2026-08-27,8000,0,0,404753,412753
00969B,2026-08-27,1000,0,0,121001,122001
00970B,2026-08-27,0,0,0,79365,79365
009806,2026-08-27,0,0,0,-2754,-2754
009807,2026-08-27,0,0,0,3000,3000
00980B,2026-08-27,0,0,0,36931,36931
00980D,2026-08-27,1000,0,0,1877,2877
00980T,2026-08-27,-2000,0,0,217557,215557
009814,2026-08-27,-161000,0,1730000,-2306453,-737453
009815,2026-08-27,-10000,0,0,-52209,-62209
00981B,2026-08-27,3000,0,0,-6331482,-6328482
00981D,2026-08-27,23000,0,0,-834495,-811495
009822,2026-08-27,3000,0,0,11950,14950
009823,2026-08-27,3000,0,0,-207182,-204182
009825,2026-08-27,2000,0,0,564800,566800
00982B,2026-08-27,0,0,0,-1104,-1104
00983B,2026-08-27,0,0,0,-26181,-26181
00984B,2026-08-27,0,0,0,126827,126827
00985D,2026-08-27,0,0,0,-94000,-94000
00986B,2026-08-27,0,0,0,-3131,-3131
00986D,2026-08-27,2000,0,0,21000,23000
00987B,2026-08-27,-4000,0,0,-307482,-311482
00987D,2026-08-27,0,0,0,1379063,1379063
00988B,2026-08-27,-17000,0,0,-2224941,-2241941
00989B,2026-08-27,0,0,0,-486481,-486481
00990B,2026-08-27,0,0,0,-656241,-656241
00998A,2026-08-27,95000,0,0,205000,300000
020025,2026-08-27,0,0,0,143000,143000
020033,2026-08-27,0,0,0,-13000,-13000
020035,2026-08-27,0,0,0,8000,8000
020041,2026-08-27,0,0,0,1000,1000
1259,2026-08-27,4000,0,0,0,4000
1264,2026-08-27,-5975,0,0,-11143,-17118
1268,2026-08-27,-1000,0,0,0,-1000
1294,2026-08-27,6000,0,0,0,6000
1295,2026-08-27,-1000,0,0,-5000,-6000
1336,2026-08-27,66285,0,0,-7000,59285
1565,2026-08-27,34487,0,0,1331,35818
1569,2026-08-27,36000,0,0,23,36023
1570,2026-08-27,6000,0,0,0,6000
1580,2026-08-27,4000,0,0,0,4000
1584,2026-08-27,243032,0,0,0,243032
1586,2026-08-27,-53787,0,0,0,-53787
1591,2026-08-27,0,0,0,0,0
1593,2026-08-27,1000,0,0,0,1000
1595,2026-08-27,28040,0,0,-100,27940
1599,2026-08-27,0,0,0,0,0
1742,2026-08-27,-1000,0,0,0,-1000
1777,2026-08-27,1000,0,0,-15,985
1780,2026-08-27,-4000,0,0,0,-4000
1781,2026-08-27,-3000,0,0,0,-3000
1784,2026-08-27,30100,0,0,-172,29928
1785,2026-08-27,-106893,0,-3000,14,-109879
1788,2026-08-27,-429,0,0,773,344
1796,2026-08-27,1000,0,0,-2,998
1799,2026-08-27,1000,0,0,0,1000
1813,2026-08-27,4000,0,0,-429,3571
1815,2026-08-27,209655,0,398000,-415106,192549
2061,2026-08-27,125234,0,0,44313,169547
2063,2026-08-27,-2000,0,0,0,-2000
2064,2026-08-27,-4000,0,0,0,-4000
2065,2026-08-27,-9000,0,0,0,-9000
2066,2026-08-27,-2000,0,0,0,-2000
2070,2026-08-27,170466,0,0,1,170467
2221,2026-08-27,-69265,0,0,231,-69034
2230,2026-08-27,-20000,0,0,-61,-20061
2235,2026-08-27,1000,0,0,0,1000
2596,2026-08-27,19000,0,0,864,19864
2640,2026-08-27,1700,0,0,84,1784
2641,2026-08-27,212766,0,0,-1067,211699
2643,2026-08-27,-1000,0,0,0,-1000
2718,2026-08-27,-7000,0,0,4994,-2006
2719,2026-08-27,0,0,0,0,0
2724,2026-08-27,0,0,0,-25,-25
2726,2026-08-27,-1000,0,0,-649,-1649
2729,2026-08-27,-1000,0,0,430,-570
2732,2026-08-27,0,0,0,920,920
2734,2026-08-27,-5000,0,0,-203,-5203
2736,2026-08-27,3000,0,0,0,3000
2743,2026-08-27,-18000,0,0,24569,6569
2745,2026-08-27,5000,0,0,-5,4995
2754,2026-08-27,-2000,0,0,955,-1045
2755,2026-08-27,-1998,0,0,0,-1998
2756,2026-08-27,1000,0,0,0,1000
2916,2026-08-27,-6000,0,0,0,-6000
2926,2026-08-27,1000,0,0,0,1000
2947,2026-08-27,1000,0,0,0,1000
3066,2026-08-27,250031,0,0,3954,253985
3071,2026-08-27,-24000,0,0,64,-23936
3073,2026-08-27,-17000,0,0,0,-17000
3078,2026-08-27,-10000,0,0,-4497,-14497
3081,2026-08-27,155510,0,918494,50946,1124950
3083,2026-08-27,-1000,0,0,-360,-1360
3086,2026-08-27,15000,0,0,-1200,13800
3088,2026-08-27,-243000,0,0,-8450,-251450
3093,2026-08-27,-239937,0,0,185,-239752
3105,2026-08-27,3441239,0,1294387,893169,5628795
3114,2026-08-27,30000,0,0,-380,29620
3118,2026-08-27,0,0,0,-5,-5
3122,2026-08-27,5000,0,0,0,5000
3128,2026-08-27,-47000,0,0,817,-46183
3131,2026-08-27,64033,0,-76463,-10083,-22513
3141,2026-08-27,-57985,0,0,-3867,-61852
3147,2026-08-27,-32783,0,0,-29,-32812
3152,2026-08-27,-23581,0,0,-1217,-24798
3162,2026-08-27,-126491,0,0,-4851,-131342
3163,2026-08-27,-89361,0,0,5108,-84253
3169,2026-08-27,28100,0,0,-1952,26148
3171,2026-08-27,1000,0,0,0,1000
3176,2026-08-27,246660,0,0,-724,245936
3178,2026-08-27,1000,0,0,-15,985
3188,2026-08-27,105263,0,0,0,105263
3191,2026-08-27,2000,0,0,0,2000
3205,2026-08-27,-1000,0,0,-544,-1544
3206,2026-08-27,6000,0,0,-1000,5000
3207,2026-08-27,-5000,0,0,647,-4353
3211,2026-08-27,-2667451,0,3183000,193767,709316
3213,2026-08-27,-42000,0,0,-2423,-44423
3217,2026-08-27,-148897,0,0,1578,-147319
3218,2026-08-27,99000,0,-1000,20,98020
3219,2026-08-27,145090,0,0,82173,227263
3221,2026-08-27,198995,0,0,17435,216430
3226,2026-08-27,1000,0,0,0,1000
3227,2026-08-27,35003,0,1000,-2531,33472
3228,2026-08-27,-160000,0,0,-4976,-164976
3230,2026-08-27,120148,0,0,195,120343
3232,2026-08-27,1000,0,0,0,1000
3234,2026-08-27,308010,0,0,-8000,300010
3236,2026-08-27,70090,0,0,7412,77502
3252,2026-08-27,7000,0,0,0,7000
3260,2026-08-27,-284322,0,-36000,55808,-264514
3264,2026-08-27,1728251,0,-1594000,125288,259539
3265,2026-08-27,594795,0,-30000,102999,667794
3268,2026-08-27,8000,0,0,-80,7920
3272,2026-08-27,0,0,0,0,0
3276,2026-08-27,-3000,0,0,-42,-3042
3284,2026-08-27,-6570,0,0,906,-5664
3285,2026-08-27,10000,0,0,501,10501
3287,2026-08-27,90410,0,0,-249,90161
3288,2026-08-27,4000,0,0,0,4000
3289,2026-08-27,63000,0,0,-1613,61387
3290,2026-08-27,-36000,0,0,-1413,-37413
3293,2026-08-27,441600,0,-1203000,11180,-750220
3294,2026-08-27,144000,0,0,-199,143801
3297,2026-08-27,18000,0,0,-172,17828
3303,2026-08-27,39876,0,0,938,40814
3306,2026-08-27,2000,0,0,0,2000
3310,2026-08-27,4000,0,0,0,4000
3313,2026-08-27,-173000,0,0,72,-172928
3317,2026-08-27,-118316,0,0,1025,-117291
3322,2026-08-27,43000,0,0,637,43637
3323,2026-08-27,150121,0,0,-502,149619
3324,2026-08-27,741253,0,-290,-103553,637410
3325,2026-08-27,42000,0,0,418,42418
3332,2026-08-27,-1000,0,0,0,-1000
3339,2026-08-27,-613799,0,0,-687,-614486
3349,2026-08-27,24000,0,0,0,24000
3354,2026-08-27,-192000,0,0,47,-191953
3357,2026-08-27,-2723,0,0,50551,47828
3360,2026-08-27,26000,0,0,-1,25999
3362,2026-08-27,292916,0,0,997,293913
3363,2026-08-27,453837,0,0,16320,470157
3372,2026-08-27,-127966,0,0,-19369,-147335
3373,2026-08-27,-1000,0,0,0,-1000
3374,2026-08-27,372051,0,-1200,748586,1119437
3379,2026-08-27,17000,0,0,100,17100
3388,2026-08-27,-332702,0,0,-18939,-351641
3390,2026-08-27,-5000,0,0,2,-4998
3402,2026-08-27,-28000,0,0,-784,-28784
3430,2026-08-27,29896,0,0,-1242,28654
3434,2026-08-27,16000,0,0,0,16000
3438,2026-08-27,-113000,0,0,-476,-113476
3441,2026-08-27,-982927,0,0,14743,-968184
3444,2026-08-27,-135000,0,0,4890,-130110
3455,2026-08-27,-438680,0,0,78661,-360019
3465,2026-08-27,-6000,0,0,-2000,-8000
3466,2026-08-27,12000,0,0,294,12294
3467,2026-08-27,2000,0,0,0,2000
3479,2026-08-27,-3160,0,0,-4393,-7553
3483,2026-08-27,42520,0,0,-8606,33914
3484,2026-08-27,20086,0,0,2060,22146
3485,2026-08-27,-8000,0,0,-4626,-12626
3489,2026-08-27,21213,0,0,0,21213
3490,2026-08-27,619551,0,0,1927,621478
3491,2026-08-27,-14655,0,338361,15423,339129
3492,2026-08-27,13000,0,0,360,13360
3498,2026-08-27,56015,0,0,-30796,25219
3499,2026-08-27,1000,0,0,-405,595
3508,2026-08-27,68000,0,0,0,68000
3511,2026-08-27,13000,0,0,0,13000
3512,2026-08-27,8000,0,0,147,8147
3516,2026-08-27,1000,0,0,-3000,-2000
3520,2026-08-27,12050,0,0,732,12782
3521,2026-08-27,1100,0,0,-4,1096
3522,2026-08-27,59000,0,0,377,59377
3526,2026-08-27,-25620,0,-1800,717,-26703
3527,2026-08-27,-8000,0,0,32,-7968
3529,2026-08-27,37897,0,4870,16860,59627
3531,2026-08-27,0,0,0,0,0
3537,2026-08-27,103240,0,0,495,103735
3540,2026-08-27,-147927,0,0,33,-147894
3541,2026-08-27,-4000,0,0,0,-4000
3546,2026-08-27,-18100,0,0,-141,-18241
3548,2026-08-27,170651,0,0,13154,183805
3551,2026-08-27,17020,0,0,-27,16993
3552,2026-08-27,38000,0,0,164,38164
3555,2026-08-27,25037,0,0,619,25656
3556,2026-08-27,86000,0,0,2274,88274
3558,2026-08-27,-27362,0,0,-312,-27674
3564,2026-08-27,8000,0,0,838,8838
3567,2026-08-27,-2000,0,0,0,-2000
3570,2026-08-27,735,0,0,0,735
3577,2026-08-27,40000,0,0,-12,39988
3580,2026-08-27,93143,0,0,149,93292
3581,2026-08-27,-90978,0,0,-14185,-105163
3587,2026-08-27,89252,0,0,-10765,78487
3594,2026-08-27,-44000,0,0,-6770,-50770
3597,2026-08-27,-1000,0,0,-2,-1002
3609,2026-08-27,89000,0,0,-392,88608
3611,2026-08-27,2574,0,0,-1,2573
3615,2026-08-27,48717,0,0,1,48718
3623,2026-08-27,17000,0,0,2,17002
3624,2026-08-27,-843788,0,0,30830,-812958
3625,2026-08-27,-9000,0,0,0,-9000
3628,2026-08-27,-7000,0,0,430,-6570
3630,2026-08-27,291010,0,0,2283,293293
3631,2026-08-27,96000,0,0,1,96001
3646,2026-08-27,-2000,0,0,0,-2000
3663,2026-08-27,45170,0,0,44,45214
3666,2026-08-27,3000,0,0,0,3000
3672,2026-08-27,-1000,0,0,0,-1000
3675,2026-08-27,4614,0,0,-15859,-11245
3680,2026-08-27,159562,0,-174,-23368,136020
3684,2026-08-27,2000,0,0,201,2201
3685,2026-08-27,-30000,0,0,0,-30000
3687,2026-08-27,-5000,0,0,8,-4992
3689,2026-08-27,538665,0,0,122076,660741
3691,2026-08-27,-13000,0,0,1030,-11970
3693,2026-08-27,185830,0,0,8370,194200
3707,2026-08-27,73148,0,0,-4689,68459
3709,2026-08-27,-120000,0,0,4218,-115782
3710,2026-08-27,-9000,0,0,0,-9000
3713,2026-08-27,0,0,0,-374,-374
4102,2026-08-27,-2000,0,0,0,-2000
4105,2026-08-27,-25951,0,0,-1100,-27051
4107,2026-08-27,-5991,0,0,0,-5991
4109,2026-08-27,15000,0,0,0,15000
4111,2026-08-27,-3000,0,0,-2,-3002
4113,2026-08-27,48000,0,0,3,48003
4114,2026-08-27,-96993,0,0,-2348,-99341
4116,2026-08-27,2000,0,0,0,2000
4121,2026-08-27,1000,0,0,-968,32
4123,2026-08-27,-705000,0,0,22846,-682154
4126,2026-08-27,-6000,0,0,0,-6000
4127,2026-08-27,-38000,0,0,-2003,-40003
4128,2026-08-27,-60386,0,0,-12403,-72789
4129,2026-08-27,-347000,0,0,-567,-347567
4138,2026-08-27,-1000,0,0,-7,-1007
4147,2026-08-27,415907,0,0,1669,417576
4153,2026-08-27,0,0,0,118,118
4154,2026-08-27,0,0,0,9,9
4157,2026-08-27,327000,0,0,-1122,325878
4160,2026-08-27,0,0,0,0,0
4161,2026-08-27,-2000,0,0,0,-2000
4162,2026-08-27,54061,0,0,5476,59537
4163,2026-08-27,8265,0,0,971,9236
4166,2026-08-27,27000,0,0,0,27000
4167,2026-08-27,-27750,0,0,18326,-9424
4168,2026-08-27,52000,0,0,-153,51847
4171,2026-08-27,10000,0,0,0,10000
4173,2026-08-27,-2000,0,0,-184,-2184
4174,2026-08-27,-49547,0,0,30,-49517
4175,2026-08-27,1000,0,0,0,1000
4188,2026-08-27,-265,0,0,2608,2343
4198,2026-08-27,-1000,0,0,0,-1000
4205,2026-08-27,-3000,0,0,228,-2772
4207,2026-08-27,-16000,0,0,0,-16000
4303,2026-08-27,427394,0,0,-67886,359508
4304,2026-08-27,5050,0,0,0,5050
4401,2026-08-27,1000,0,0,0,1000
4402,2026-08-27,0,0,0,-25,-25
4406,2026-08-27,0,0,0,0,0
4413,2026-08-27,-1000,0,0,0,-1000
4416,2026-08-27,266122,0,0,0,266122
4417,2026-08-27,-2000,0,0,-21,-2021
4420,2026-08-27,0,0,0,-190,-190
4430,2026-08-27,14000,0,0,0,14000
4432,2026-08-27,5000,0,0,-60,4940
4433,2026-08-27,-3000,0,0,0,-3000
4442,2026-08-27,-41000,0,0,266,-40734
4502,2026-08-27,-2000,0,0,0,-2000
4503,2026-08-27,11210,0,0,-257,10953
4506,2026-08-27,-1890,0,0,-174,-2064
4510,2026-08-27,-277000,0,0,11904,-265096
4513,2026-08-27,-28000,0,0,-51,-28051
4523,2026-08-27,13000,0,0,-125,12875
4527,2026-08-27,0,0,0,0,0
4528,2026-08-27,4000,0,0,-156,3844
4530,2026-08-27,0,0,0,0,0
4533,2026-08-27,75730,0,0,-168,75562
4534,2026-08-27,-197525,0,0,422,-197103
4535,2026-08-27,-1000,0,0,0,-1000
4538,2026-08-27,2000,0,0,0,2000
4541,2026-08-27,-273565,0,0,-16673,-290238
4542,2026-08-27,-90555,0,0,100,-90455
4543,2026-08-27,-19000,0,0,82,-18918
4549,2026-08-27,29000,0,0,-2069,26931
4554,2026-08-27,29000,0,0,0,29000
4556,2026-08-27,-66000,0,0,56,-65944
4558,2026-08-27,6000,0,0,1000,7000
4561,2026-08-27,-27000,0,0,-589,-27589
4563,2026-08-27,-5000,0,0,0,-5000
4568,2026-08-27,2000,0,0,0,2000
4577,2026-08-27,43000,0,0,-607,42393
4580,2026-08-27,-14000,0,0,865,-13135
4702,2026-08-27,-1000,0,0,854,-146
4707,2026-08-27,-1364000,0,0,-6977,-1370977
4711,2026-08-27,-5000,0,0,0,-5000
4714,2026-08-27,-620688,0,0,-20252,-640940
4716,2026-08-27,216131,0,0,0,216131
4721,2026-08-27,101488,0,0,-1666,99822
4726,2026-08-27,33000,0,0,0,33000
4729,2026-08-27,17000,0,0,0,17000
4735,2026-08-27,6000,0,0,-990,5010
4741,2026-08-27,6000,0,0,359,6359
4743,2026-08-27,-59325,0,0,-6219,-65544
4744,2026-08-27,21000,0,0,0,21000
4745,2026-08-27,0,0,0,-1,-1
4749,2026-08-27,31980,0,-1153,25389,56216
4754,2026-08-27,-2000,0,0,0,-2000
4760,2026-08-27,41034,0,0,18722,59756
4768,2026-08-27,-28201,0,0,9684,-18517
4772,2026-08-27,238507,0,0,27226,265733
4903,2026-08-27,50125,0,0,0,50125
4905,2026-08-27,-2000,0,0,-3000,-5000
4907,2026-08-27,-22000,0,0,0,-22000
4908,2026-08-27,-2268811,0,0,108382,-2160429
4909,2026-08-27,219800,0,0,13310,233110
4911,2026-08-27,-4999,0,0,5930,931
4923,2026-08-27,146385,0,0,2415,148800
4924,2026-08-27,12000,0,0,-121,11879
4931,2026-08-27,271000,0,0,158340,429340
4933,2026-08-27,-14000,0,0,0,-14000
4939,2026-08-27,7000,0,0,33779,40779
4946,2026-08-27,3000,0,0,0,3000
4950,2026-08-27,0,0,0,-525,-525
4951,2026-08-27,-1000,0,0,82,-918
4953,2026-08-27,-46000,0,2000,-1279,-45279
4966,2026-08-27,14158,0,2000,8158,24316
4971,2026-08-27,-42000,0,0,23000,-19000
4973,2026-08-27,79536,0,0,-940,78596
4974,2026-08-27,75000,0,0,702,75702
4979,2026-08-27,-662040,0,3234000,50499,2622459
4991,2026-08-27,869827,0,164000,68113,1101940
4995,2026-08-27,-1000,0,0,1000,0
5009,2026-08-27,95100,0,0,-58973,36127
5011,2026-08-27,-24000,0,0,-16,-24016
5013,2026-08-27,10000,0,0,0,10000
5014,2026-08-27,1000,0,0,-20,980
5015,2026-08-27,2000,0,0,0,2000
5016,2026-08-27,3000,0,0,0,3000
5201,2026-08-27,9000,0,0,0,9000
5202,2026-08-27,9000,0,0,214,9214
5206,2026-08-27,-33930,0,0,0,-33930
5209,2026-08-27,-3000,0,0,-7189,-10189
5210,2026-08-27,-40000,0,0,0,-40000
5211,2026-08-27,1000,0,0,0,1000
5212,2026-08-27,1000,0,0,0,1000
5213,2026-08-27,65000,0,0,279,65279
5220,2026-08-27,0,0,0,0,0
5223,2026-08-27,-1000,0,0,0,-1000
5227,2026-08-27,10421,0,0,-1,10420
5228,2026-08-27,63720,0,0,2093,65813
5230,2026-08-27,7000,0,0,-1,6999
5245,2026-08-27,-6000,0,0,0,-6000
5251,2026-08-27,8000,0,0,84,8084
5263,2026-08-27,93347,0,0,8386,101733
5272,2026-08-27,8000,0,0,-22,7978
5274,2026-08-27,12284,0,-78085,86,-65715
5278,2026-08-27,4000,0,0,-3903,97
5287,2026-08-27,-146000,0,0,301,-145699
5289,2026-08-27,-231738,0,-510,-72714,-304962
5291,2026-08-27,606291,0,0,-322,605969
5299,2026-08-27,39000,0,0,845,39845
5301,2026-08-27,-4000,0,0,0,-4000
5302,2026-08-27,-11000,0,0,0,-11000
5309,2026-08-27,-511558,0,0,81752,-429806
5310,2026-08-27,-1000,0,0,0,-1000
5312,2026-08-27,0,0,0,9,9
5314,2026-08-27,20000,0,0,1718000,1738000
5315,2026-08-27,98000,0,0,-1,97999
5321,2026-08-27,107000,0,0,39000,146000
5324,2026-08-27,-75000,0,0,-870,-75870
5328,2026-08-27,-128339,0,0,20812,-107527
5340,2026-08-27,-81977,0,0,-21742,-103719
5344,2026-08-27,-1000,0,0,0,-1000
5345,2026-08-27,2000,0,0,0,2000
5347,2026-08-27,686488,0,-2260901,-175682,-1750095
5351,2026-08-27,-912819,0,-20000,306,-932513
5353,2026-08-27,1000,0,0,0,1000
5355,2026-08-27,5000,0,0,0,5000
5356,2026-08-27,-18000,0,0,1,-17999
5364,2026-08-27,2000,0,0,0,2000
5381,2026-08-27,180200,0,0,-92,180108
5386,2026-08-27,-30224,0,0,-3359,-33583
5392,2026-08-27,1047160,0,0,-161260,885900
5398,2026-08-27,-6000,0,0,331,-5669
5403,2026-08-27,19000,0,0,0,19000
5410,2026-08-27,-134968,0,0,0,-134968
5425,2026-08-27,-3367843,0,4575000,-367895,839262
5426,2026-08-27,189220,0,0,1032,190252
5432,2026-08-27,63000,0,0,99,63099
5438,2026-08-27,15000,0,0,-829,14171
5439,2026-08-27,-274700,0,0,80151,-194549
5443,2026-08-27,386603,0,0,15436,402039
5450,2026-08-27,-5000,0,0,31,-4969
5452,2026-08-27,142060,0,0,0,142060
5455,2026-08-27,1000,0,0,249,1249
5457,2026-08-27,91000,0,0,-52032,38968
5460,2026-08-27,17000,0,0,0,17000
5464,2026-08-27,-425000,0,0,660,-424340
5465,2026-08-27,10000,0,0,0,10000
5468,2026-08-27,21000,0,0,0,21000
5474,2026-08-27,4105,0,0,1712,5817
5475,2026-08-27,923900,0,0,-6768,917132
5478,2026-08-27,-34454,0,0,0,-34454
5481,2026-08-27,41000,0,0,0,41000
5483,2026-08-27,2607843,0,-34000,123706,2697549
5487,2026-08-27,-4000,0,0,1000,-3000
5488,2026-08-27,0,0,0,-4142,-4142
5489,2026-08-27,12000,0,0,-968,11032
5490,2026-08-27,-206000,0,0,-58,-206058
5493,2026-08-27,66000,0,0,881,66881
5498,2026-08-27,-259000,0,0,-1910,-260910
5508,2026-08-27,106070,0,0,-1000,105070
5511,2026-08-27,5000,0,0,-4176,824
5512,2026-08-27,240000,0,0,701,240701
5514,2026-08-27,-2000,0,0,0,-2000
5529,2026-08-27,-2725,0,0,0,-2725
5530,2026-08-27,25306,0,0,297,25603
5536,2026-08-27,-35972,0,-10900,-2807,-49679
5543,2026-08-27,8000,0,0,0,8000
5547,2026-08-27,4000,0,0,0,4000
5548,2026-08-27,1000,0,0,0,1000
5603,2026-08-27,-1000,0,0,-124,-1124
5604,2026-08-27,0,0,0,0,0
5609,2026-08-27,-96,0,0,-225,-321
5704,2026-08-27,1000,0,0,-248,752
5864,2026-08-27,-162510,0,0,0,-162510
5902,2026-08-27,0,0,0,-147,-147
5903,2026-08-27,11000,0,0,0,11000
5904,2026-08-27,-2124850,0,-14000,-24777,-2163627
5905,2026-08-27,-37000,0,0,-615,-37615
6015,2026-08-27,81171,0,0,0,81171
6016,2026-08-27,13550,0,0,0,13550
6021,2026-08-27,33000,0,0,0,33000
6023,2026-08-27,-130300,0,0,0,-130300
6026,2026-08-27,908000,0,-9000,0,899000
6101,2026-08-27,-7000,0,0,2,-6998
6103,2026-08-27,1000,0,0,0,1000
6104,2026-08-27,774442,0,0,35365,809807
6109,2026-08-27,2000,0,0,0,2000
6111,2026-08-27,5007,0,0,-1466,3541
6113,2026-08-27,8000,0,0,629,8629
6114,2026-08-27,-1000,0,0,44,-956
6118,2026-08-27,8000,0,0,-23,7977
6121,2026-08-27,27350,0,-7100,665,20915
6122,2026-08-27,55018,0,0,333,55351
6123,2026-08-27,-5000,0,0,558,-4442
6124,2026-08-27,5000,0,0,135,5135
6125,2026-08-27,-208000,0,0,-44830,-252830
6126,2026-08-27,-33950,0,0,386,-33564
6127,2026-08-27,723401,0,0,6530,729931
6129,2026-08-27,-41000,0,0,-704,-41704
6130,2026-08-27,16000,0,0,0,16000
6134,2026-08-27,99996,0,0,-4080,95916
6138,2026-08-27,48956,0,0,5366,54322
6140,2026-08-27,0,0,0,0,0
6143,2026-08-27,-57000,0,0,-1733,-58733
6144,2026-08-27,1000,0,0,-13,987
6146,2026-08-27,35000,0,0,-2375,32625
6147,2026-08-27,-2597636,0,-25100,1677582,-945154
6148,2026-08-27,21000,0,0,-307,20693
6150,2026-08-27,35010,0,0,127,35137
6151,2026-08-27,34000,0,0,117,34117
6154,2026-08-27,2000,0,0,0,2000
6156,2026-08-27,189231,0,0,-53,189178
6158,2026-08-27,2000,0,0,0,2000
6160,2026-08-27,3000,0,0,113,3113
6161,2026-08-27,-13000,0,0,-2179,-15179
6163,2026-08-27,282180,0,0,-891,281289
6167,2026-08-27,-24000,0,0,302,-23698
6169,2026-08-27,3000,0,0,-38,2962
6170,2026-08-27,51924,0,0,4621,56545
6171,2026-08-27,3000,0,0,0,3000
6173,2026-08-27,-19639,0,0,-1096,-20735
6174,2026-08-27,91100,0,0,2593,93693
6175,2026-08-27,58000,0,0,3288,61288
6179,2026-08-27,-69900,0,0,-3886,-73786
6180,2026-08-27,67230,0,0,-1,67229
6182,2026-08-27,1319869,0,0,446753,1766622
6185,2026-08-27,77000,0,0,-139,76861
6186,2026-08-27,-63243,0,0,-2420,-65663
6187,2026-08-27,529510,0,376894,8059,914463
6188,2026-08-27,168993,0,0,-17438,151555
6190,2026-08-27,719892,0,0,-36742,683150
6194,2026-08-27,-2000,0,0,-740,-2740
6195,2026-08-27,0,0,0,240,240
6199,2026-08-27,-63000,0,0,-303,-63303
6203,2026-08-27,39000,0,0,-50,38950
6204,2026-08-27,144390,0,0,-186,144204
6207,2026-08-27,420144,0,0,-82488,337656
6208,2026-08-27,53100,0,0,649,53749
6210,2026-08-27,2000,0,0,0,2000
6217,2026-08-27,237453,0,0,74077,311530
6218,2026-08-27,484380,0,0,1000,485380
6219,2026-08-27,-6000,0,0,-350,-6350
6220,2026-08-27,140000,0,0,186,140186
6221,2026-08-27,26000,0,0,154,26154
6222,2026-08-27,1000,0,0,-528,472
6223,2026-08-27,367343,0,-743763,69712,-306708
6227,2026-08-27,33904,0,0,123070,156974
6229,2026-08-27,4000,0,0,44,4044
6231,2026-08-27,15861,0,0,3707,19568
6233,2026-08-27,-10000,0,0,502,-9498
6234,2026-08-27,69695,0,0,10001,79696
6237,2026-08-27,71000,0,0,-784,70216
6240,2026-08-27,-1000,0,0,0,-1000
6241,2026-08-27,-64955,0,0,12,-64943
6244,2026-08-27,-149963,0,0,8451,-141512
6245,2026-08-27,62011,0,0,3320,65331
6246,2026-08-27,-2000,0,0,-13,-2013
6248,2026-08-27,3000,0,0,0,3000
6259,2026-08-27,50910,0,0,181,51091
6261,2026-08-27,-280000,0,0,-24689,-304689
6263,2026-08-27,31019,0,0,-48,30971
6265,2026-08-27,-433548,0,0,-11711,-445259
6266,2026-08-27,0,0,0,0,0
6270,2026-08-27,18565,0,0,164,18729
6274,2026-08-27,-2004375,0,-773000,65533,-2711842
6275,2026-08-27,50887,0,0,3874,54761
6276,2026-08-27,-1000,0,0,430,-570
6279,2026-08-27,102300,0,-3000,23864,123164
6284,2026-08-27,19142,0,8000,439,27581
6290,2026-08-27,751715,0,0,-50610,701105
6291,2026-08-27,-125930,0,0,19128,-106802
6292,2026-08-27,-2031,0,0,0,-2031
6294,2026-08-27,0,0,0,0,0
6411,2026-08-27,16000,0,0,-2574,13426
6417,2026-08-27,-3000,0,0,-116,-3116
6418,2026-08-27,91000,0,0,5197,96197
6419,2026-08-27,1559,0,0,681,2240
6423,2026-08-27,11000,0,0,2000,13000
6425,2026-08-27,45000,0,0,1985,46985
6432,2026-08-27,51992,0,0,-15970,36022
6435,2026-08-27,21426,0,0,-8965,12461
6441,2026-08-27,11000,0,0,-169,10831
6461,2026-08-27,7000,0,0,-78,6922
6462,2026-08-27,93511,0,0,4691,98202
6465,2026-08-27,33000,0,0,777,33777
6469,2026-08-27,-33145,0,0,341,-32804
6470,2026-08-27,10000,0,0,-101,9899
6474,2026-08-27,54000,0,0,-7000,47000
6482,2026-08-27,-1000,0,0,0,-1000
6485,2026-08-27,62000,0,0,-945,61055
6486,2026-08-27,27568,0,0,4425,31993
6488,2026-08-27,125597,0,-13842,79165,190920
6492,2026-08-27,99558,0,0,-49935,49623
6494,2026-08-27,21000,0,0,1000,22000
6498,2026-08-27,33041,0,0,2,33043
6499,2026-08-27,-306000,0,0,-385,-306385
6506,2026-08-27,9000,0,0,0,9000
6508,2026-08-27,2000,0,0,0,2000
6509,2026-08-27,193123,0,0,-1106,192017
6510,2026-08-27,-1072,0,61620,10199,70747
6512,2026-08-27,0,0,0,435,435
6516,2026-08-27,-19000,0,0,246,-18754
6517,2026-08-27,535867,0,0,1000,536867
6523,2026-08-27,1000,0,0,0,1000
6527,2026-08-27,-2000,0,0,71,-1929
6530,2026-08-27,65012,0,0,405,65417
6532,2026-08-27,119594,0,0,1900,121494
6535,2026-08-27,-69143,0,-30000,-298,-99441
6538,2026-08-27,-264320,0,0,22559,-241761
6542,2026-08-27,9000,0,0,0,9000
6546,2026-08-27,44010,0,0,-1905,42105
6547,2026-08-27,3896148,0,0,-418659,3477489
6548,2026-08-27,73766,0,0,-8411,65355
6560,2026-08-27,2000,0,0,0,2000
6561,2026-08-27,21000,0,2000,116,23116
6568,2026-08-27,-22750,0,0,4220,-18530
6569,2026-08-27,16000,0,0,-8689,7311
6570,2026-08-27,-9000,0,0,-3978,-12978
6574,2026-08-27,-11000,0,0,0,-11000
6576,2026-08-27,8000,0,0,36,8036
6577,2026-08-27,13000,0,0,0,13000
6578,2026-08-27,-6000,0,0,0,-6000
6584,2026-08-27,209350,0,0,15333,224683
6588,2026-08-27,-102880,0,0,1110,-101770
6590,2026-08-27,1000,0,0,0,1000
6593,2026-08-27,4000,0,0,0,4000
6596,2026-08-27,5130,0,0,395,5525
6603,2026-08-27,195095,0,0,-16899,178196
6609,2026-08-27,23082,0,0,160,23242
6612,2026-08-27,-1000,0,0,500,-500
6613,2026-08-27,-138985,0,0,5183,-133802
6615,2026-08-27,-1000,0,0,0,-1000
6617,2026-08-27,285323,0,0,-1817,283506
6620,2026-08-27,6215,0,0,13105,19320
6624,2026-08-27,-1000,0,0,0,-1000
6629,2026-08-27,-14000,0,0,-27,-14027
6637,2026-08-27,-50000,0,0,588,-49412
6640,2026-08-27,-7745,0,10000,17699,19954
6642,2026-08-27,176000,0,0,6144,182144
6643,2026-08-27,49271,0,0,17480,66751
6649,2026-08-27,-4000,0,0,-1,-4001
6651,2026-08-27,-33200,0,0,508,-32692
6654,2026-08-27,2000,0,0,-1049,951
6662,2026-08-27,-1000,0,0,0,-1000
6664,2026-08-27,24500,0,0,6031,30531
6667,2026-08-27,28000,0,0,1128,29128
6679,2026-08-27,16861,0,0,-2474,14387
6683,2026-08-27,-144366,0,0,-33793,-178159
6684,2026-08-27,-1000,0,0,729,-271
6690,2026-08-27,6000,0,0,0,6000
6692,2026-08-27,-1000,0,0,0,-1000
6693,2026-08-27,-11392,0,0,-2992,-14384
6697,2026-08-27,-9000,0,0,0,-9000
6703,2026-08-27,0,0,0,-170,-170
6708,2026-08-27,-5000,0,0,0,-5000
6712,2026-08-27,116209,0,0,4009,120218
6716,2026-08-27,-46000,0,0,-1391,-47391
6720,2026-08-27,2000,0,0,0,2000
6721,2026-08-27,-1000,0,0,0,-1000
6725,2026-08-27,-25000,0,0,1573,-23427
6727,2026-08-27,293305,0,203000,-3223,493082
6728,2026-08-27,-1000,0,0,0,-1000
6732,2026-08-27,14206,0,0,-42,14164
6733,2026-08-27,-8000,0,0,0,-8000
6735,2026-08-27,36000,0,0,-587,35413
6739,2026-08-27,18000,0,0,25215,43215
6741,2026-08-27,151736,0,0,2719,154455
6752,2026-08-27,2000,0,0,0,2000
6761,2026-08-27,11708,0,0,-21551,-9843
6763,2026-08-27,14666,0,10000,-1141,23525
6785,2026-08-27,-8000,0,0,-185,-8185
6788,2026-08-27,89241,0,0,9062,98303
6791,2026-08-27,8000,0,0,-15,7985
6803,2026-08-27,-4000,0,0,-1021,-5021
6804,2026-08-27,9000,0,0,0,9000
6811,2026-08-27,-21000,0,0,-751,-21751
6821,2026-08-27,12000,0,0,-12879,-879
6823,2026-08-27,-3000,0,0,-42,-3042
6829,2026-08-27,183415,0,0,-9929,173486
6840,2026-08-27,-45199,0,0,-20500,-65699
6841,2026-08-27,1000,0,0,-292,708
6859,2026-08-27,-982,0,0,-156,-1138
6870,2026-08-27,-1918,0,0,1854,-64
6872,2026-08-27,-2000,0,0,0,-2000
6874,2026-08-27,16000,0,0,350,16350
6875,2026-08-27,-4000,0,0,133,-3867
6877,2026-08-27,-6000,0,0,-614,-6614
6884,2026-08-27,1000,0,0,0,1000
6894,2026-08-27,-5000,0,0,217,-4783
6895,2026-08-27,-3060,0,0,-60,-3120
6899,2026-08-27,-1000,0,0,700,-300
6903,2026-08-27,44000,0,0,4635,48635
6907,2026-08-27,15690,0,0,-4287,11403
6910,2026-08-27,-2000,0,0,0,-2000
6913,2026-08-27,143330,0,0,-25662,117668
6922,2026-08-27,58000,0,0,-691,57309
6925,2026-08-27,2000,0,0,0,2000
6929,2026-08-27,-1000,0,0,0,-1000
6945,2026-08-27,267840,0,0,0,267840
6953,2026-08-27,13000,0,0,9,13009
6961,2026-08-27,-1000,0,0,0,-1000
6967,2026-08-27,-3000,0,0,0,-3000
6968,2026-08-27,0,0,0,0,0
6971,2026-08-27,0,0,0,0,0
6983,2026-08-27,-33000,0,0,7749,-25251
6986,2026-08-27,13000,0,0,0,13000
6996,2026-08-27,-9146,0,0,-39,-9185
7402,2026-08-27,248755,0,0,-1381,247374
7547,2026-08-27,-1000,0,0,0,-1000
7556,2026-08-27,34010,0,0,-6313,27697
7584,2026-08-27,0,0,0,-80,-80
7642,2026-08-27,0,0,0,0,0
7703,2026-08-27,-2000,0,0,32,-1968
7704,2026-08-27,6000,0,0,1000,7000
7709,2026-08-27,4000,0,0,-206,3794
7712,2026-08-27,-110000,0,0,-15609,-125609
7714,2026-08-27,0,0,0,2470,2470
7715,2026-08-27,62000,0,0,-156,61844
7717,2026-08-27,34000,0,0,1458,35458
7718,2026-08-27,-2000,0,0,0,-2000
7723,2026-08-27,-3000,0,0,0,-3000
7728,2026-08-27,-3000,0,0,-121,-3121
7734,2026-08-27,-115876,0,-72500,-3917,-192293
7738,2026-08-27,3000,0,0,0,3000
7744,2026-08-27,77194,0,0,4733,81927
7751,2026-08-27,-36525,0,5000,44538,13013
7753,2026-08-27,-2000,0,0,0,-2000
7757,2026-08-27,4000,0,0,0,4000
7767,2026-08-27,-6000,0,0,0,-6000
7770,2026-08-27,1000,0,0,-1000,0
7772,2026-08-27,-5000,0,0,-422,-5422
7777,2026-08-27,370000,0,0,-13771,356229
7792,2026-08-27,-86679,0,0,-9754,-96433
7805,2026-08-27,-17000,0,0,-277,-17277
7810,2026-08-27,12101,0,0,1476,13577
7814,2026-08-27,0,0,0,0,0
7819,2026-08-27,6000,0,0,0,6000
7820,2026-08-27,-1000,0,0,0,-1000
7828,2026-08-27,3216,0,-1000,-719,1497
7839,2026-08-27,-6000,0,0,-1000,-7000
7842,2026-08-27,-29870,0,0,0,-29870
8024,2026-08-27,-2000,0,0,-3,-2003
8027,2026-08-27,-78002,0,0,-184,-78186
8032,2026-08-27,-2000,0,0,-570,-2570
8034,2026-08-27,2000,0,0,-200,1800
8038,2026-08-27,-11985,0,0,530,-11455
8040,2026-08-27,90200,0,0,562,90762
8042,2026-08-27,203540,0,0,72350,275890
8043,2026-08-27,-37068,0,0,59551,22483
8044,2026-08-27,-184000,0,0,-1937,-185937
8047,2026-08-27,0,0,0,25,25
8048,2026-08-27,17000,0,0,-337,16663
8049,2026-08-27,10000,0,0,-373,9627
8050,2026-08-27,-238121,0,0,-863,-238984
8054,2026-08-27,164000,0,0,-1903,162097
8059,2026-08-27,-64000,0,0,-897,-64897
8064,2026-08-27,551121,0,0,-17681,533440
8066,2026-08-27,0,0,0,64,64
8068,2026-08-27,27000,0,0,0,27000
8069,2026-08-27,-2469160,0,337664,-6949,-2138445
8071,2026-08-27,86252,0,0,-1,86251
8074,2026-08-27,44000,0,0,28289,72289
8076,2026-08-27,-113239,0,0,1,-113238
8083,2026-08-27,1000,0,0,1000,2000
8084,2026-08-27,-70932,0,0,-2361,-73293
8085,2026-08-27,1956,0,0,-3392,-1436
8086,2026-08-27,763416,0,0,25241,788657
8087,2026-08-27,1000,0,0,-101,899
8088,2026-08-27,11000,0,0,666,11666
8089,2026-08-27,53000,0,0,0,53000
8091,2026-08-27,-13479,0,0,1410,-12069
8092,2026-08-27,-1000,0,0,0,-1000
8093,2026-08-27,-1000,0,0,0,-1000
8096,2026-08-27,-490025,0,0,108201,-381824
8097,2026-08-27,2000,0,0,0,2000
8099,2026-08-27,-25000,0,0,4490,-20510
8102,2026-08-27,1000,0,0,0,1000
8107,2026-08-27,0,0,0,0,0
8109,2026-08-27,-77700,0,0,-52007,-129707
8111,2026-08-27,213466,0,0,175371,388837
8121,2026-08-27,133836,0,0,1789,135625
8147,2026-08-27,24187,0,0,209,24396
8155,2026-08-27,-595617,0,0,47168,-548449
8171,2026-08-27,20000,0,0,73,20073
8176,2026-08-27,-3000,0,0,-865,-3865
8182,2026-08-27,56000,0,0,400,56400
8183,2026-08-27,84000,0,0,-12569,71431
8227,2026-08-27,-95850,0,0,-1673,-97523
8234,2026-08-27,267939,0,0,7269,275208
8240,2026-08-27,-378900,0,0,-3704,-382604
8255,2026-08-27,15702,0,0,-8346,7356
8272,2026-08-27,1000,0,0,0,1000
8277,2026-08-27,1000,0,0,0,1000
8279,2026-08-27,3020,0,0,0,3020
8289,2026-08-27,120060,0,0,-8077,111983
8291,2026-08-27,-5000,0,0,0,-5000
8299,2026-08-27,597482,0,-14510,140708,723680
8349,2026-08-27,-8000,0,0,0,-8000
8354,2026-08-27,3000,0,0,0,3000
8358,2026-08-27,3161902,0,61000,170434,3393336
8383,2026-08-27,-138531,0,0,18330,-120201
8390,2026-08-27,37890,0,0,-19397,18493
8401,2026-08-27,1000,0,0,0,1000
8403,2026-08-27,-16000,0,0,0,-16000
8410,2026-08-27,-3000,0,0,0,-3000
8415,2026-08-27,43084,0,0,963,44047
8421,2026-08-27,29000,0,0,-346,28654
8424,2026-08-27,-5000,0,0,4007,-993
8426,2026-08-27,25000,0,0,0,25000
8431,2026-08-27,39007,0,0,1145,40152
8432,2026-08-27,4000,0,0,0,4000
8433,2026-08-27,3000,0,0,0,3000
8436,2026-08-27,-153000,0,50000,-5933,-108933
8437,2026-08-27,2000,0,0,1,2001
8440,2026-08-27,7000,0,0,0,7000
8446,2026-08-27,10000,0,0,0,10000
8450,2026-08-27,3000,0,0,0,3000
8472,2026-08-27,0,0,0,-694,-694
8489,2026-08-27,0,0,0,950,950
8905,2026-08-27,-1000,0,0,-126,-1126
8906,2026-08-27,5000,0,0,0,5000
8908,2026-08-27,4000,0,0,0,4000
8916,2026-08-27,2000,0,0,3000,5000
8924,2026-08-27,17000,0,0,-1818,15182
8927,2026-08-27,15000,0,0,0,15000
8928,2026-08-27,1000,0,0,2400,3400
8929,2026-08-27,1000,0,0,944,1944
8930,2026-08-27,4000,0,0,729,4729
8931,2026-08-27,-2000,0,0,-43,-2043
8932,2026-08-27,-2111340,0,0,1084861,-1026479
8935,2026-08-27,-1000,0,0,-1,-1001
8936,2026-08-27,247000,0,-6000,5637,246637
8937,2026-08-27,-154000,0,0,-1108000,-1262000
8938,2026-08-27,28000,0,0,195,28195
8942,2026-08-27,-117000,0,0,1612,-115388
9949,2026-08-27,-4000,0,0,-1,-4001
9950,2026-08-27,1000,0,0,-49,951
9951,2026-08-27,-3000,0,0,2000,-1000
9962,2026-08-27,-1000,0,0,-384,-1384
